-- phpMyAdmin SQL Dump
-- version 5.2.1
-- https://www.phpmyadmin.net/
--
-- 主機： 127.0.0.1
-- 產生時間： 2024-05-31 05:35:01
-- 伺服器版本： 10.4.32-MariaDB
-- PHP 版本： 8.2.12

SET SQL_MODE = "NO_AUTO_VALUE_ON_ZERO";
START TRANSACTION;
SET time_zone = "+00:00";


/*!40101 SET @OLD_CHARACTER_SET_CLIENT=@@CHARACTER_SET_CLIENT */;
/*!40101 SET @OLD_CHARACTER_SET_RESULTS=@@CHARACTER_SET_RESULTS */;
/*!40101 SET @OLD_COLLATION_CONNECTION=@@COLLATION_CONNECTION */;
/*!40101 SET NAMES utf8mb4 */;

--
-- 資料庫： `the_travel_project`
--

-- --------------------------------------------------------

--
-- 資料表結構 `cart`
--

CREATE TABLE `cart` (
  `cart_id` int(11) NOT NULL,
  `member_id` varchar(255) NOT NULL,
  `product_id` varchar(255) NOT NULL,
  `product_name` varchar(255) NOT NULL,
  `quantity` int(11) NOT NULL,
  `unit_price` int(11) NOT NULL,
  `created_at` datetime NOT NULL,
  `updated_at` datetime NOT NULL
) ENGINE=InnoDB DEFAULT CHARSET=utf8 COLLATE=utf8_general_ci;

-- --------------------------------------------------------

--
-- 資料表結構 `department`
--

CREATE TABLE `department` (
  `department_id` varchar(10) NOT NULL,
  `department_ch` varchar(255) DEFAULT NULL,
  `department_en` varchar(255) DEFAULT NULL
) ENGINE=InnoDB DEFAULT CHARSET=utf8mb4 COLLATE=utf8mb4_general_ci;

--
-- 傾印資料表的資料 `department`
--

INSERT INTO `department` (`department_id`, `department_ch`, `department_en`) VALUES
('CS', '客服部門', 'Customer Service'),
('FIN', '財務部門', 'Finance'),
('HR', '人力資源部門', 'Human Resources'),
('MFG', '製造部門', 'Manufacturing'),
('MKT', '行銷部門', 'Marketing'),
('MKT2', '市場部門', 'Marketing'),
('PLN', '企劃部門', 'Planning'),
('R&D', '研發部門', 'Research and Development'),
('SALES', '業務部門', 'Sales'),
('TECH', '技術部門', 'Technology');

-- --------------------------------------------------------

--
-- 資料表結構 `employees`
--

CREATE TABLE `employees` (
  `employee_id` varchar(255) NOT NULL,
  `employee_name` varchar(30) NOT NULL,
  `password` varchar(255) NOT NULL,
  `registration_time` datetime NOT NULL,
  `last_login_time` datetime DEFAULT NULL,
  `role_id` varchar(50) NOT NULL,
  `status` tinyint(1) NOT NULL,
  `employee_nickname` varchar(255) NOT NULL,
  `department_id` varchar(255) NOT NULL,
  `title_id` varchar(255) NOT NULL
) ENGINE=InnoDB DEFAULT CHARSET=utf8mb4 COLLATE=utf8mb4_general_ci COMMENT='管理員';

--
-- 傾印資料表的資料 `employees`
--

INSERT INTO `employees` (`employee_id`, `employee_name`, `password`, `registration_time`, `last_login_time`, `role_id`, `status`, `employee_nickname`, `department_id`, `title_id`) VALUES
('FIN-SM-001', '張筱筠', '123456', '2024-03-08 12:45:14', NULL, 'manager', 1, '筱筠', 'FIN', 'SM'),
('MKT-AE-001', '韓光樺', '123456', '2024-03-08 12:45:14', NULL, 'staff', 1, '光樺', 'MKT', 'AE'),
('SALES-QA-001', '黄柏皓', '123456', '2024-03-08 12:45:14', NULL, 'customer_service', 1, '柏皓', 'SALES', 'QA'),
('TECH-PM-001', '李千囷', '123456', '2024-03-08 12:45:14', NULL, 'admin', 1, 'Laurance', 'TECH', 'PM');

-- --------------------------------------------------------

--
-- 資料表結構 `employees_info`
--

CREATE TABLE `employees_info` (
  `employee_info_id` int(11) NOT NULL,
  `employee_id` varchar(255) DEFAULT NULL,
  `id_card_number` varchar(255) DEFAULT NULL,
  `mobile` varchar(255) DEFAULT NULL,
  `email` varchar(255) DEFAULT NULL,
  `birthday` date DEFAULT NULL,
  `hire_date` date DEFAULT NULL,
  `leave_date` date DEFAULT NULL,
  `employee_address` varchar(255) NOT NULL
) ENGINE=InnoDB DEFAULT CHARSET=utf8mb4 COLLATE=utf8mb4_general_ci;

--
-- 傾印資料表的資料 `employees_info`
--

INSERT INTO `employees_info` (`employee_info_id`, `employee_id`, `id_card_number`, `mobile`, `email`, `birthday`, `hire_date`, `leave_date`, `employee_address`) VALUES
(1, 'TECH-PM-001', 'R224412345', '0986108218', 'lars108218@gmail.com', '1997-07-25', '2024-05-02', NULL, '429 臺中市神岡區大洲路34號'),
(2, 'FIN-SM-001', 'R223456787', '0912345678', 'molly3898@gmail.com', '1996-01-01', '2024-05-02', NULL, '268 宜蘭縣五結鄉福和二路1號'),
(4, 'MKT-AE-001', 'R223654789', '0988745632', 'helenhan46@gmail.com', '1999-01-01', '2024-05-02', NULL, '827 高雄市彌陀區過港路33號'),
(6, 'SALES-QA-001', 'R125487963', '0955874651', 'daniel1761590944@gmail.com', '1998-01-01', '2024-05-02', NULL, '978 花蓮縣瑞穗鄉迦納納二路34號');

-- --------------------------------------------------------

--
-- 資料表結構 `itinerary`
--

CREATE TABLE `itinerary` (
  `travel_id` int(11) NOT NULL,
  `days` varchar(255) DEFAULT NULL,
  `logo` varchar(255) DEFAULT NULL,
  `time` date DEFAULT NULL,
  `title` varchar(255) DEFAULT NULL,
  `introduce` text DEFAULT NULL,
  `seat` int(11) DEFAULT NULL,
  `number` int(11) DEFAULT NULL,
  `sale` int(11) DEFAULT NULL,
  `price` int(11) DEFAULT NULL,
  `airport` varchar(255) DEFAULT NULL,
  `sign_up` varchar(255) DEFAULT NULL,
  `country` varchar(255) DEFAULT NULL,
  `area` varchar(255) DEFAULT NULL,
  `deposit_date` date DEFAULT NULL,
  `final_payment_date` date DEFAULT NULL,
  `created_at` datetime NOT NULL,
  `updated_at` datetime NOT NULL
) ENGINE=InnoDB DEFAULT CHARSET=utf8 COLLATE=utf8_general_ci;

--
-- 傾印資料表的資料 `itinerary`
--

INSERT INTO `itinerary` (`travel_id`, `days`, `logo`, `time`, `title`, `introduce`, `seat`, `number`, `sale`, `price`, `airport`, `sign_up`, `country`, `area`, `deposit_date`, `final_payment_date`, `created_at`, `updated_at`) VALUES
(1, '13天', '秘魯・印加帝國13日.jpg', '2024-07-09', '秘魯・印加帝國13日', '秘魯・印加帝國13日:世界七大奇景馬丘比丘・印加都城庫斯科・魔幻打卡聖地彩虹山', 31, 11, 20, 269000, '台北-桃園機場出發', '報名中', '中南美洲', '秘魯', '2024-06-09', '2024-06-15', '2024-05-27 15:33:04', '2024-05-27 15:33:04'),
(2, '14天', '秘魯・太陽祭14日.jpg', '2024-06-18', '秘魯・太陽祭14日', '秘魯・太陽祭14日:2023-金旅獎!世界七大奇景馬丘比丘・印加都城庫斯科・傳統盛典太陽祭・魔幻打卡聖地彩虹山', 31, 26, 5, 299000, '台北-桃園機場出發', '報名中', '中南美洲', '秘魯', '2024-05-18', '2024-06-01', '2024-05-27 15:33:04', '2024-05-27 15:33:04'),
(3, '15天', '秘魯・印加帝國15日.jpg', '2024-11-15', '秘魯・印加帝國15日', '秘魯・印加帝國15日:星宇豪華經濟艙・世界七大奇景馬丘比丘・印加都城庫斯科・魔幻打卡聖地彩虹山', 31, 4, 27, 282000, '台北-桃園機場出發', '報名中', '中南美洲', '秘魯', '2024-10-15', '2024-11-01', '2024-05-27 15:33:04', '2024-05-27 15:33:04'),
(4, '13天', '秘魯&智利・古文明探索13日.jpg', '2024-07-12', '秘魯&智利・古文明探索13日', '秘魯&智利・古文明探索13日:世界七大奇景馬丘比丘・印加都城庫斯科・神秘納斯卡線・與世隔絕復活節島山', 21, 17, 4, 299000, '台北-桃園機場出發', '報名中', '中南美洲', '秘魯', '2024-06-12', '2024-07-01', '2024-05-27 15:33:04', '2024-05-27 15:33:04'),
(5, '14天', '秘魯&玻利維亞・秘境漫步14日.jpg', '2024-09-07', '秘魯&玻利維亞・秘境漫步14日', '秘魯&玻利維亞・秘境漫步14日:季節限定！世界七大奇景馬丘比丘・魔幻打卡聖地彩虹山・天空之鏡烏尤尼・世界最高首都拉巴斯', 31, 12, 19, 309000, '台北-桃園機場出發', '報名中', '中南美洲', '秘魯', '2024-08-07', '2024-08-31', '2024-05-27 15:33:04', '2024-05-27 15:33:04'),
(6, '14天', '阿根廷・14日.jpg', '2024-09-12', '阿根廷・14日', '阿根廷・14日:世界遺產萬-冰川健行、世界最寬伊瓜蘇瀑布、世界盡頭火地島、南美巴黎布宜諾斯艾利斯', 31, 6, 25, 295000, '台北-桃園機場出發', '報名中', '中南美洲', '阿根廷', '2024-08-12', '2024-09-01', '2024-05-27 15:33:04', '2024-05-27 15:33:04'),
(7, '12天', '古巴・迷情之境12日.jpg', '2024-08-16', '古巴・迷情之境12日', '古巴・迷情之境12日:世界遺產哈瓦那老城．古董車．雪茄．蘭姆酒．海明威朝聖路線．切格瓦拉革命國度', 35, 27, 8, 225000, '台北-桃園機場出發', '報名中', '中南美洲', '古巴', '2024-07-16', '2024-08-01', '2024-05-27 15:33:04', '2024-05-27 15:33:04'),
(8, '12天', '古巴&墨西哥・亡靈節12日.jpg', '2024-10-12', '古巴&墨西哥・亡靈節12日', '古巴&墨西哥・亡靈節12日:華麗繽紛骷髏嘉-華！哈瓦那、古董車體驗、親捲雪茄、馬雅金字塔、加勒比海豪華五星飯店', 20, 11, 9, 250000, '台北-桃園機場出發', '報名中', '中南美洲', '古巴', '2024-09-12', '2024-10-01', '2024-05-27 15:33:04', '2024-05-27 15:33:04'),
(9, '12天', '奧地利&捷克・12日.jpg', '2024-12-17', '奧地利&捷克・12日', '奧地利&捷克・12日:慕夏走讀、季節音樂饗宴、夏夫堡火車、哈施達特、瓦豪河谷佳釀美饌、茜茜公主博物館', 26, 4, 22, 182900, '台北-桃園機場出發', '報名中', '歐洲', '奧地利&捷克', '2024-11-17', '2024-12-01', '2024-05-27 15:33:04', '2024-05-27 15:33:04'),
(10, '15天', '智利・15日.jpg', '2025-03-08', '智利・15日', '智利・15日:與世隔絕復活節島．藍湖仙境百內國家公園．世界最乾旱阿塔卡馬沙漠．智利酒莊道地佳釀', 36, 22, 14, 339000, '台北-桃園機場出發', '報名中', '中南美洲', '智利', '2025-02-08', '2025-02-28', '2024-05-27 15:33:04', '2024-05-27 15:33:04'),
(11, '6天', '星宇九州X天空熊６日.jpg', '2024-08-23', '星宇九州X天空熊6日', '星宇九州X天空熊6日:天空小火車、高千穗峽、鵜戶神宮、櫻島渡輪、仙巖園、超大熊本熊港八代、熊本城', 23, 22, 1, 34900, '台北-桃園機場出發', '報名中', '日本', '九州', '2024-07-23', '2024-08-05', '2024-05-27 15:33:04', '2024-05-27 15:33:04'),
(12, '12天', '葡萄牙・12日.jpg', '2024-10-21', '葡萄牙・12日', '葡萄牙・12日:漫遊酒香葡萄牙、艷彩佩納古蹟饗宴', 27, 18, 9, 198900, '台北-桃園機場出發', '報名中', '歐洲', '葡萄牙', '2024-09-21', '2024-10-05', '2024-05-27 15:33:04', '2024-05-27 15:33:04'),
(13, '14天', '法國・深度全覽14日.jpg', '2024-09-18', '法國・深度全覽14日', '法國・深度全覽14日:漫步走入南法生活美學、夜宿古堡朝暮晨昏', 27, 10, 17, 248900, '台北-桃園機場出發', '報名中', '歐洲', '法國', '2024-08-18', '2024-09-01', '2024-05-27 15:33:04', '2024-05-27 15:33:04'),
(14, '12天', '奧地利&捷克・12日.jpg', '2024-08-17', '奧地利&捷克・12日', '奧地利&捷克・12日:慕夏走讀、季節音樂饗宴、夏夫堡火車、哈施達特、瓦豪河谷佳釀美饌、茜茜公主博物館', 26, 13, 13, 185900, '台北-桃園機場出發', '報名中', '歐洲', '奧地利&捷克', '2024-07-17', '2024-08-01', '2024-05-27 15:33:04', '2024-05-27 15:33:04'),
(15, '7天', '日本登山鐵道之旅・7日.jpg', '2024-07-19', '探索日本登山鐵道・7日', '探索日本登山鐵道・7日:深度探索鐵道之美，感動幸福旅路。', 27, 21, 6, 79900, '台北-桃園機場出發', '報名中', '日本', '鐵道之旅', '2024-06-19', '2024-07-01', '2024-05-27 15:33:04', '2024-05-27 15:33:04'),
(16, '5天', '名古屋春櫻花見行５日.jpg', '2024-07-26', '名古屋春櫻花見行５日', '名古屋春櫻花見行５日:日本國寶犬山城.螃蟹燒肉餐.童話合掌村.粉紅隧道遊船.金澤兼六園.金華山纜車', 28, 28, 0, 42900, '台北-桃園機場出發', '額滿', '日本', '名古屋', '2024-06-26', '2024-07-10', '2024-05-27 15:33:04', '2024-05-27 15:33:04'),
(17, '6天', '花現櫻飛舞名古屋．京都６日.jpg', '2024-07-26', '花現櫻飛舞名古屋・京都6日', '花現櫻飛舞名古屋・京都6日:粉紅隧道～哲學之道、花見醍醐寺、紅色鳥居、平等院鳳凰堂、宇治抹茶香、泡湯趣', 28, 25, 3, 36900, '台北-桃園機場出發', '報名中', '日本', '名古屋', '2024-06-26', '2024-07-10', '2024-05-27 15:33:04', '2024-05-27 15:33:04'),
(18, '5天', '關東悠遊全覽三溫泉螃蟹吃到飽５日.jpg', '2024-09-10', '關東悠遊全覽三溫泉螃蟹吃到飽5日', '關東悠遊全覽三溫泉螃蟹吃到飽5日:澀谷露天展望台、採果體驗、輕井澤、伊豆箱根、鎌倉、權八日式居酒屋（加贈酒水暢飲）', 28, 11, 17, 56900, '台北-桃園機場出發', '報名中', '日本', '東京', '2024-08-10', '2024-08-25', '2024-05-27 15:33:04', '2024-05-27 15:33:04'),
(19, '6天', '星宇．名東雙城溫泉６日.jpg', '2024-07-03', '星宇．名東雙城溫泉6日', '星宇．名東雙城溫泉6日:歡樂迪士尼、掛川花鳥園、濱名湖花博、蘆之湖遊船、修善寺、日本平纜車', 25, 25, 0, 50900, '台北-桃園機場出發', '額滿', '日本', '名古屋', '2024-06-03', '2024-06-20', '2024-05-27 15:33:04', '2024-05-27 15:33:04'),
(20, '7天', '名東雙城立山黑部閃亮雪壁7日.jpg', '2024-07-22', '名東雙城立山黑部閃亮雪壁7日', '名東雙城立山黑部閃亮雪壁7日:足利紫藤花、童話合掌村、日光東照宮、輕井澤OUTLET、國寶松本城、鬼怒川溫泉', 25, 23, 2, 59900, '台北-桃園機場出發', '報名中', '日本', '名古屋', '2024-06-22', '2024-07-10', '2024-05-27 15:33:04', '2024-05-27 15:33:04'),
(21, '4天', '琉球海炎祭-沖繩限定4日.jpg', '2024-07-25', '琉球海炎祭-沖繩限定4日', '琉球海炎祭-沖繩限定4日:夏季盛大音樂花火(自由席)、美麗海水族館、玉泉洞、單軌電車一日券、升等一晚海邊飯店', 20, 19, 1, 28900, '台北-桃園機場出發', '報名中', '日本', '沖繩', '2024-06-25', '2024-07-10', '2024-05-27 15:33:04', '2024-05-27 15:33:04'),
(22, '5天', '九州鯉躍春遊５日.jpg', '2024-07-23', '九州鯉躍春遊5日', '九州鯉躍春遊5日:雙鐵道、雙遊船、日田小京都、春季限定鯉魚旗祭典、熊本熊甜點杯、米塚、草千里', 26, 25, 1, 32900, '台北-桃園機場出發', '報名中', '日本', '九州', '2024-06-23', '2024-07-10', '2024-05-27 15:33:04', '2024-05-27 15:33:04'),
(23, '5天', '名古屋立山黑部漫步大雪谷．濱名花博５天.jpg', '2024-06-28', '名古屋立山黑部漫步大雪谷．濱名花博５天', '名古屋立山黑部漫步大雪谷．濱名花博５天:神的故鄉~上高地．童話合掌村．馬籠宿．雙溫泉～升等一晚五星飯店', 28, 22, 6, 50900, '台北-桃園機場出發', '報名中', '日本', '名古屋', '2024-05-28', '2024-06-10', '2024-05-27 15:33:04', '2024-05-27 15:33:04'),
(24, '5天', '閃耀九州X浪漫銀光５日.jpg', '2024-10-28', '閃耀九州X浪漫銀光5日', '閃耀九州X浪漫銀光5日:銀光閃耀之街、九州野生公園叢林巴士、由布院金鱗湖、世界童話村、三隈川屋形船晚宴、太宰府天滿宮', 24, 14, 10, 39900, '台北-桃園機場出發', '報名中', '日本', '九州', '2024-09-28', '2024-10-15', '2024-05-27 15:33:04', '2024-05-27 15:33:04'),
(25, '5天', '熊本X火山熊雙溫泉５日.jpg', '2024-10-28', '熊本X火山熊雙溫泉5日', '熊本X火山熊雙溫泉5日:阿蘇破火山口、由布院金麟湖、別府海地獄、太宰府天滿宮、柳川遊船、熊本熊電鐵、地獄蒸DIY', 28, 20, 8, 38900, '台北-桃園機場出發', '報名中', '日本', '福岡', '2024-09-28', '2024-10-15', '2024-05-27 15:33:04', '2024-05-27 15:33:04'),
(26, '13天', '秘魯・印加帝國13日.jpg', '2025-02-17', '秘魯・印加帝國13日', '秘魯・印加帝國13日:世界七大奇景馬丘比丘・印加都城庫斯科・魔幻打卡聖地彩虹山', 31, 0, 31, 259000, '台北-桃園機場出發', '報名中', '中南美洲', '秘魯', '2025-01-17', '2025-02-01', '2024-05-27 15:33:04', '2024-05-27 15:33:04'),
(27, '15天', '秘魯・印加帝國15日.jpg', '2024-10-08', '秘魯・印加帝國15日', '秘魯・印加帝國15日:星宇豪華經濟艙・世界七大奇景馬丘比丘・印加都城庫斯科・魔幻打卡聖地彩虹山', 29, 11, 18, 280000, '台北-桃園機場出發', '報名中', '中南美洲', '秘魯', '2024-09-08', '2024-09-25', '2024-05-27 15:33:04', '2024-05-27 15:33:04'),
(28, '14天', '秘魯・太陽祭14日.jpg', '2024-06-19', '秘魯・太陽祭14日', '秘魯・太陽祭14日:2023-金旅獎!世界七大奇景馬丘比丘・印加都城庫斯科・傳統盛典太陽祭・魔幻打卡聖地彩虹山', 36, 36, 0, 289000, '台北-桃園機場出發', '額滿', '中南美洲', '秘魯', '2024-05-19', '2024-06-09', '2024-05-27 15:33:04', '2024-05-27 15:33:04'),
(29, '14天', '阿根廷・14日.jpg', '2024-07-12', '阿根廷・14日', '阿根廷・14日:世界遺產萬-冰川健行、世界最寬伊瓜蘇瀑布、世界盡頭火地島、南美巴黎布宜諾斯艾利斯', 31, 24, 7, 295000, '台北-桃園機場出發', '報名中', '中南美洲', '阿根廷', '2024-06-12', '2024-07-01', '2024-05-27 15:33:04', '2024-05-27 15:33:04'),
(30, '12天', '古巴・迷情之境12日.jpg', '2024-09-12', '古巴・迷情之境12日', '古巴・迷情之境12日:世界遺產哈瓦那老城．古董車．雪茄．蘭姆酒．海明威朝聖路線．切格瓦拉革命國度', 31, 10, 21, 229000, '台北-桃園機場出發', '報名中', '中南美洲', '古巴', '2024-08-12', '2024-09-05', '2024-05-27 15:33:04', '2024-05-27 15:33:04'),
(31, '12天', '古巴・迷情之境12日.jpg', '2025-01-22', '古巴・迷情之境12日', '古巴・迷情之境12日:世界遺產哈瓦那老城．古董車．雪茄．蘭姆酒．海明威朝聖路線．切格瓦拉革命國度', 31, 0, 31, 229000, '台北-桃園機場出發', '報名中', '中南美洲', '古巴', '2025-01-22', '2025-01-12', '2024-05-27 15:33:04', '2024-05-27 15:33:04'),
(32, '13天', '西班牙・13日.jpg', '2024-08-18', '西班牙・13日', '西班牙・13日:宮殿國營旅館．酒莊品酩．美食評鑑餐廳．巴塞隆納宿三晚', 26, 10, 16, 229900, '台北-桃園機場出發', '報名中', '歐洲', '西班牙', '2024-07-18', '2024-08-05', '2024-05-27 15:33:04', '2024-05-27 15:33:04'),
(33, '13天', '西班牙・13日.jpg', '2024-09-12', '西班牙・13日', '西班牙・13日:宮殿國營旅館．酒莊品酩．美食評鑑餐廳．巴塞隆納宿三晚', 26, 5, 21, 219900, '台北-桃園機場出發', '報名中', '歐洲', '西班牙', '2024-08-12', '2024-09-02', '2024-05-27 15:33:04', '2024-05-27 15:33:04'),
(34, '12天', '奧地利&捷克・12日.jpg', '2024-08-17', '奧地利&捷克・12日', '奧地利&捷克・12日:慕夏走讀、季節音樂饗宴、夏夫堡火車、哈施達特、瓦豪河谷佳釀美饌、茜茜公主博物館', 19, 18, 1, 189900, '台北-桃園機場出發', '報名中', '歐洲', '奧地利&捷克', '2024-07-16', '2024-08-05', '2024-05-27 15:33:04', '2024-05-27 15:33:04'),
(35, '14天', '法國・深度全覽14日.jpg', '2024-10-22', '法國・深度全覽14日', '法國・深度全覽14日:漫步走入南法生活美學、夜宿古堡朝暮晨昏', 27, 5, 22, 248900, '台北-桃園機場出發', '報名中', '歐洲', '法國', '2024-09-22', '2024-10-12', '2024-05-27 15:33:04', '2024-05-27 15:33:04'),
(36, '7天', '日本登山鐵道之旅・7日.jpg', '2024-08-19', '探索日本登山鐵道・7日', '探索日本登山鐵道・7日:深度探索鐵道之美，感動幸福旅路。', 27, 25, 2, 79900, '台北-桃園機場出發', '報名中', '日本', '鐵道之旅', '2024-07-19', '2024-08-09', '2024-05-27 15:33:04', '2024-05-27 15:33:04'),
(37, '5天', '名古屋春櫻花見行５日.jpg', '2024-06-20', '名古屋春櫻花見行５日', '名古屋春櫻花見行５日:日本國寶犬山城.螃蟹燒肉餐.童話合掌村.粉紅隧道遊船.金澤兼六園.金華山纜車', 29, 29, 0, 42900, '台北-桃園機場出發', '額滿', '日本', '名古屋', '2024-05-20', '2024-06-05', '2024-05-27 15:33:04', '2024-05-27 15:33:04'),
(38, '6天', '花現櫻飛舞名古屋．京都６日.jpg', '2024-09-10', '花現櫻飛舞名古屋・京都6日', '花現櫻飛舞名古屋・京都6日:粉紅隧道～哲學之道、花見醍醐寺、紅色鳥居、平等院鳳凰堂、宇治抹茶香、泡湯趣', 28, 22, 6, 36900, '台北-桃園機場出發', '報名中', '日本', '名古屋', '2024-08-10', '2024-09-01', '2024-05-27 15:33:04', '2024-05-27 15:33:04'),
(39, '5天', '關東悠遊全覽三溫泉螃蟹吃到飽５日.jpg', '2024-08-08', '關東悠遊全覽三溫泉螃蟹吃到飽5日', '關東悠遊全覽三溫泉螃蟹吃到飽5日:澀谷露天展望台、採果體驗、輕井澤、伊豆箱根、鎌倉、權八日式居酒屋（加贈酒水暢飲）', 28, 20, 8, 56900, '台北-桃園機場出發', '報名中', '日本', '東京', '2024-07-08', '2024-07-31', '2024-05-27 15:33:04', '2024-05-27 15:33:04'),
(40, '6天', '星宇．名東雙城溫泉６日.jpg', '2024-08-01', '星宇．名東雙城溫泉6日', '星宇．名東雙城溫泉6日:歡樂迪士尼、掛川花鳥園、濱名湖花博、蘆之湖遊船、修善寺、日本平纜車', 25, 24, 1, 50900, '台北-桃園機場出發', '報名中', '日本', '名古屋', '2024-07-01', '2024-07-25', '2024-05-27 15:33:04', '2024-05-27 15:33:04'),
(41, '7天', '名東雙城立山黑部閃亮雪壁7日.jpg', '2024-07-23', '名東雙城立山黑部閃亮雪壁7日', '名東雙城立山黑部閃亮雪壁7日:足利紫藤花、童話合掌村、日光東照宮、輕井澤OUTLET、國寶松本城、鬼怒川溫泉', 25, 21, 4, 59900, '台北-桃園機場出發', '報名中', '日本', '名古屋', '2024-06-23', '2024-07-13', '2024-05-27 15:33:04', '2024-05-27 15:33:04'),
(42, '4天', '琉球海炎祭-沖繩限定4日.jpg', '2024-07-23', '琉球海炎祭-沖繩限定4日', '琉球海炎祭-沖繩限定4日:夏季盛大音樂花火(自由席)、美麗海水族館、玉泉洞、單軌電車一日券、升等一晚海邊飯店', 18, 18, 0, 28900, '台北-桃園機場出發', '額滿', '日本', '沖繩', '2024-06-23', '2024-07-13', '2024-05-27 15:33:04', '2024-05-27 15:33:04'),
(43, '5天', '九州鯉躍春遊５日.jpg', '2024-08-23', '九州鯉躍春遊5日', '九州鯉躍春遊5日:雙鐵道、雙遊船、日田小京都、春季限定鯉魚旗祭典、熊本熊甜點杯、米塚、草千里', 28, 24, 4, 32900, '台北-桃園機場出發', '報名中', '日本', '九州', '2024-07-23', '2024-08-10', '2024-05-27 15:33:04', '2024-05-27 15:33:04'),
(44, '5天', '名古屋立山黑部漫步大雪谷．濱名花博５天.jpg', '2024-06-28', '名古屋立山黑部漫步大雪谷．濱名花博５天', '名古屋立山黑部漫步大雪谷．濱名花博５天:神的故鄉~上高地．童話合掌村．馬籠宿．雙溫泉～升等一晚五星飯店', 27, 3, 4, 50900, '台北-桃園機場出發', '報名中', '日本', '名古屋', '2024-05-28', '2024-06-15', '2024-05-27 15:33:04', '2024-05-27 15:33:04'),
(45, '5天', '閃耀九州X浪漫銀光５日.jpg', '2024-08-28', '閃耀九州X浪漫銀光5日', '閃耀九州X浪漫銀光5日:銀光閃耀之街、九州野生公園叢林巴士、由布院金鱗湖、世界童話村、三隈川屋形船晚宴、太宰府天滿宮', 29, 26, 3, 40900, '台北-桃園機場出發', '報名中', '日本', '九州', '2024-07-28', '2024-08-14', '2024-05-27 15:33:04', '2024-05-27 15:33:04'),
(46, '5天', '熊本X火山熊雙溫泉５日.jpg', '2024-12-28', '熊本X火山熊雙溫泉5日', '熊本X火山熊雙溫泉5日:阿蘇破火山口、由布院金麟湖、別府海地獄、太宰府天滿宮、柳川遊船、熊本熊電鐵、地獄蒸DIY', 21, 17, 4, 37900, '台北-桃園機場出發', '報名中', '日本', '福岡', '2024-11-28', '2024-12-18', '2024-05-27 15:33:04', '2024-05-27 15:33:04'),
(47, '15天', '智利・15日.jpg', '2024-09-08', '智利・15日', '智利・15日:與世隔絕復活節島．藍湖仙境百內國家公園．世界最乾旱阿塔卡馬沙漠．智利酒莊道地佳釀', 36, 25, 11, 349000, '台北-桃園機場出發', '報名中', '中南美洲', '智利', '2024-08-08', '2024-08-25', '2024-05-27 15:33:04', '2024-05-27 15:33:04'),
(48, '15天', '秘魯・印加帝國15日.jpg', '2024-08-20', '秘魯・印加帝國15日', '秘魯・印加帝國15日:星宇豪華經濟艙・世界七大奇景馬丘比丘・印加都城庫斯科・魔幻打卡聖地彩虹山', 29, 24, 5, 279000, '台北-桃園機場出發', '報名中', '中南美洲', '秘魯', '2024-10-27', '2024-08-05', '2024-05-27 15:33:04', '2024-05-27 15:33:04'),
(49, '12天', '葡萄牙・12日.jpg', '2024-12-24', '葡萄牙・12日', '葡萄牙・12日:漫遊酒香葡萄牙、艷彩佩納古蹟饗宴', 27, 10, 17, 198900, '台北-桃園機場出發', '報名中', '歐洲', '葡萄牙', '2024-11-24', '2024-12-15', '2024-05-27 15:33:04', '2024-05-27 15:33:04'),
(50, '14天', '秘魯&玻利維亞・秘境漫步14日.jpg', '2024-11-11', '秘魯&玻利維亞・秘境漫步14日', '秘魯&玻利維亞・秘境漫步14日:季節限定！世界七大奇景馬丘比丘・魔幻打卡聖地彩虹山・天空之鏡烏尤尼・世界最高首都拉巴斯', 31, 2, 29, 325000, '台北-桃園機場出發', '報名中', '中南美洲', '秘魯', '2024-10-11', '2024-11-01', '2024-05-27 15:33:04', '2024-05-27 15:33:04'),
(51, '15天', '秘魯・印加帝國15日.jpg', '2024-06-10', '秘魯・印加帝國15日', '秘魯・印加帝國15日:星宇豪華經濟艙・世界七大奇景馬丘比丘・印加都城庫斯科・魔幻打卡聖地彩虹山', 30, 30, 0, 282000, '台北-桃園機場出發', '額滿', '中南美洲', '秘魯', '2024-05-10', '2024-06-01', '2024-05-27 15:33:04', '2024-05-27 15:33:04'),
(52, '12天', '東歐．鐵道之旅12日.jpg', '2024-10-10', '東歐・鐵道之旅12日', '東歐・鐵道之旅12日:知性與感性相遇，山谷迴盪著火車低鳴的動人樂章，跟隨導遊的腳步，走訪歷史上第一條鐵路的動人心弦。', 20, 12, 8, 250000, '台北-桃園機場出發', '報名中', '歐洲', '鐵道之旅', '2024-09-10', '2024-10-01', '2024-05-27 15:33:04', '2024-05-27 15:33:04'),
(53, '12天', '法國波爾多紅酒馬拉松．12日.jpg', '2024-10-10', '法國波爾多紅酒馬拉松．12日', '法國波爾多紅酒馬拉松．12日:法西雙國12日、波爾多、梅鐸紅酒馬拉松、中古世紀卡爾卡頌、達利美術館、聖家堂', 25, 12, 13, 220000, '台北-桃園機場出發', '報名中', '歐洲', '法國', '2024-09-10', '2024-10-01', '2024-05-27 15:33:04', '2024-05-27 15:33:04');

-- --------------------------------------------------------

--
-- 資料表結構 `lectures`
--

CREATE TABLE `lectures` (
  `lecture_id` int(11) NOT NULL,
  `title` varchar(255) NOT NULL,
  `category` varchar(255) NOT NULL,
  `speaker` varchar(255) NOT NULL,
  `date` datetime NOT NULL,
  `country` varchar(255) NOT NULL,
  `introduction` text NOT NULL,
  `place` varchar(255) NOT NULL,
  `num` int(11) NOT NULL,
  `img_id` int(11) DEFAULT NULL,
  `created_at` datetime NOT NULL,
  `updated_at` datetime NOT NULL
) ENGINE=InnoDB DEFAULT CHARSET=utf8 COLLATE=utf8_general_ci;

--
-- 傾印資料表的資料 `lectures`
--

INSERT INTO `lectures` (`lecture_id`, `title`, `category`, `speaker`, `date`, `country`, `introduction`, `place`, `num`, `img_id`, `created_at`, `updated_at`) VALUES
(1, '探索東京', '日本', '李小明', '2024-06-10 19:00:00', '日本', '東京，一個結合傳統和現代的城市，充滿著無限的魅力和活力。無論是古老的寺廟、熱鬧的市場、時尚的購物中心還是現代的高科技樓宇，東京都市中心都能找到。您將有機會品嚐美味的壽司、拉麵和日式料理，體驗正宗的和服穿著和茶道表演。這座城市也是文化和藝術的天堂，擁有眾多博物館、劇院和藝廊。在這次講座中，我們將一起探索東京的迷人之處，了解其豐富的歷史和文化，並分享旅遊資訊和建議，讓您在東京之行中有一個難忘的體驗。歡迎各位踴躍參加！', '台北市中山區松江路123號2樓', 50, 1, '2024-05-31 09:20:57', '2024-05-31 09:20:57'),
(2, '南法最美法國里維埃拉', '歐洲', '歐洲旅遊達人Daniel', '2024-06-13 14:30:00', '法國', '南法最美法國里維埃拉-蔚藍海岸，濃郁飄香南法普羅旺斯山城小鎮、南法最美村莊-山居歲月法式優雅生活哲學，世界文化遺產聖艾米濃中世紀小鎮葡萄酒產區濃濃酒香，羅亞爾河城堡區值不值得入住?住宿古蹟城堡一晚，法國旅遊還有什麼可以看？快來跟著元本旅遊規劃師一起神遊法國吧！', '台北市內湖區洲子街72號一樓', 30, 4, '2024-05-31 09:20:57', '2024-05-31 09:20:57'),
(3, '葡萄牙的歷史與文化探索', '歐洲', '歐洲旅遊達人Daniel', '2024-06-11 18:30:00', '葡萄牙', '提到葡萄牙這個國家，可能大部分的人首先會聯想到足球明星C羅。但是你可能不知道葡萄牙不但是大航海時代的初代全球霸權，還是全世界第一個廢除吸毒刑事處罰的國家，更是全球一半的軟木塞的出產國。葡萄牙到底還有哪些歷史、文化、美食、景點故事，就讓歐洲達人Daniel為您一一道來。', '台北市內湖區洲子街72號一樓', 30, 2, '2024-05-31 09:20:57', '2024-05-31 09:20:57'),
(4, '波爾多梅鐸紅酒馬拉松', '歐洲', '歐洲旅遊達人Daniel', '2024-06-12 19:30:00', '法國', '融合了奔跑的激情與紅酒的醇香，波爾多梅鐸紅酒馬拉松不僅是一場馬拉松，也是探索法國波爾多深厚葡萄酒文化的絕佳機會。這個獨一無二的活動將帶領你穿越波爾多最美麗的葡萄園經過各大酒莊的補給，在賽道上享受美酒和當地美食。從波爾多的古老街道到巴塞隆納的現代藝術，帶您體驗西南法、巴塞隆納最精彩的面貌，法國和西班牙的豐富文化、絕美景致和令人難忘的旅遊體驗。', '台北市內湖區洲子街72號一樓', 30, 3, '2024-05-31 09:20:57', '2024-05-31 09:20:57'),
(5, '北海道探險', '日本', '王小美', '2024-06-13 20:00:00', '日本', '北海道是日本最北部的大島，被譽為夏季的天堂和冬季的樂園。這個美麗的地方擁有壯麗的自然風光，如廣闊的森林、壯觀的火山、清澈的湖泊和絕美的海岸線。在夏天，您可以享受涼爽的氣候，徒步旅行或騎自行車探索大自然，品嚐新鮮的海鮮和當地特色美食。而在冬季，北海道則成為滑雪和溫泉的天堂，吸引著來自世界各地的遊客。在這次講座中，我們將一起探索北海道的魅力，介紹其獨特的文化和豐富的活動，並提供旅遊建議和資訊，讓您在北海道之行中盡情享受美好時光。歡迎各位一同參與這次北海道探險之旅！', '台北市信義區松壽路168號3樓', 40, 5, '2024-05-31 09:20:57', '2024-05-31 09:20:57'),
(6, '追夢阿根廷新書交流會', '中南美洲', '游國珍', '2024-06-16 18:30:00', '阿根廷', '夢想清單實現者，持續規劃許多旅人一生必遊的夢幻行程，為了讓旅客夢想清單實現後，能夠透過出版將這趟遊程的感動記錄下來，我們與秀威出版合作，徵求團員成為共同作者。在2023年11月我們出版了《追夢到秘魯》、《追夢到古巴》兩本夢想清單遊記書，堪稱業界創舉。2024年2月，我們將舉辦《追夢阿根廷》的新書發表暨交流會，歡迎對阿根廷有興趣的朋友們，報名參加這場活動，聽聽這些從素人成為作家的旅人們的精彩心得。', '台北市內湖區洲子街72號一樓', 30, 6, '2024-05-31 09:20:57', '2024-05-31 09:20:57'),
(7, '古巴迷情', '中南美洲', 'Carol（汪淑媛）', '2024-06-17 18:00:00', '古巴', '自古以來, 酒記載著各文明歷史。這趟旅程一起去拜訪古巴的蘭姆酒、雪茄、音樂 ! 而古巴的街景讓人一秒回到 60 年代, 來到這個位處加勒比海上的社會主義國家, 亦不能錯過探索古巴的革命歷史及世界遺產城市。', '台北市內湖區洲子街72號一樓', 30, 7, '2024-05-31 09:20:57', '2024-05-31 09:20:57'),
(8, '日本登山鐵路之旅', '日本', '蘇昭旭', '2024-06-18 19:00:00', '日本', '登山鐵路是日本鐵道獨特的精彩，邀請您來參與具代表性的登山鐵路精采體驗，包含日本坡度最陡的箱根登山鐵道、齒輪式鐵路的井川線登山鐵道，讓您搭火車登高望遠，環顧四野，體驗登山鐵路之美！我們也安排日本傳統輕軌電車，親臨湘南江之島，看看傳說中灌籃高手平交道。您有聽過日本最有名的奧大井湖上站嗎？火車站矗立在湖中，其實在大井川鐵路。您可記得電影佐賀的阿嬤，廣島站的母子別離，還有電影鐵道員的蒸汽機車，佐藤乙松的故事？讓我們一起追尋日本鐵道的美景吧！', '台中市綠川西街85號10樓', 30, 8, '2024-05-31 09:20:57', '2024-05-31 09:20:57'),
(9, '沖繩之旅：夢幻海島探索', '日本', '張文婷', '2024-09-15 19:30:00', '日本', '沖繩，被譽為夢幻海島，是日本最受歡迎的旅遊目的地之一。這座美麗的海島擁有令人難以置信的海灘、碧藍的海水、古老的文化和獨特的美食。在這個講座中，我們將帶您探索沖繩的奇妙之處，介紹它的自然景觀、文化遺產和豐富的活動。您將有機會了解沖繩的歷史、傳統和特色，並發現許多令人驚嘆的景點，如首里城、美麗海灘和壯觀的水族館。無論您是想要放鬆身心、嘗試冲繩美食、還是參加水上活動，沖繩都能滿足您的各種需求。我們還將分享一些實用的旅行建議，幫助您計劃一次難忘的沖繩之旅。讓我們一起來探索這個夢幻海島，度過一段美好的時光，並帶回寶貴的回憶！', '台北市信義區松高路11號', 35, 9, '2024-05-31 09:20:57', '2024-05-31 09:20:57'),
(10, '巴西奇幻之旅', '中南美洲', '張大勇', '2024-06-21 19:30:00', '巴西', '巴西，被譽為南美洲的巨人，是一個充滿熱情和活力的國家。這個多姿多彩的國家擁有壯麗的自然風景、豐富的文化遺產和獨特的美食。從令人驚歎的亞馬遜雨林到令人嘆為觀止的伊瓜蘇大瀑布，再到熱情奔放的桑巴舞和獨特的巴西足球文化，巴西絕對會給您帶來一場前所未有的奇幻之旅。在這次講座中，我們將深入探討巴西的魅力，介紹其迷人的景點和活動，並分享旅遊建議和實用資訊，讓您在巴西之行中留下美好的回憶。無論您是喜歡冒險的探險家，還是追求放鬆的度假者，巴西都能滿足您的各種需求。歡迎各位踏上這段巴西奇幻之旅，一起探索這個令人驚嘆的國家！', '台北市大安區忠孝東路四段181號', 50, 10, '2024-05-31 09:20:57', '2024-05-31 09:20:57'),
(11, '南美的亞馬遜雨林探險', '中南美洲', '張偉', '2024-06-22 15:00:00', '巴西', '亞馬遜雨林是世界上最大的熱帶雨林，擁有豐富的生物多樣性。這次講座將帶您走進亞馬遜的腹地，探索這片神秘的綠色王國。了解亞馬遜河流系統，熱帶雨林的生態環境，以及雨林中的動植物和土著部落的生活方式。', '台北市內湖區洲子街72號一樓', 30, 11, '2024-05-31 09:20:57', '2024-05-31 09:20:57'),
(12, '探索秘魯的馬丘比丘遺址', '中南美洲', '李小英', '2024-06-23 16:30:00', '秘魯', '馬丘比丘，位於安第斯山脈的高處，是印加帝國最著名的遺址之一。這座失落的城市，擁有壯麗的建築和迷人的歷史。本次講座將帶您深入了解馬丘比丘的歷史背景、建築特色以及印加文明的興衰。', '台北市內湖區洲子街72號一樓', 30, 12, '2024-05-31 09:20:57', '2024-05-31 09:20:57'),
(13, '冰島奇幻探險', '歐洲', '林美玲', '2024-06-24 20:00:00', '冰島', '冰島，位於大西洋的北部，是一個充滿著神奇和奇幻的國家。這片神秘的土地擁有絕美的冰川、活火山、壯麗的瀑布、熱湖泉和令人難以置信的極光，吸引著無數遊客和探險家前來探索。在這個講座中，我們將帶您深入了解冰島的奇幻之美，介紹其壯觀的自然景觀、獨特的文化遺產和豐富的活動。無論您是想要挑戰攀登火山，還是在冰川上行走，冰島都能滿足您的各種冒險需求。此外，我們還會分享一些實用的旅行建議，幫助您計劃一次完美的冰島探險之旅。讓我們一起踏上冰島奇幻探險的旅程，探索這個充滿魅力的北極之島，並留下難忘的回憶！', '台北市中山區南京東路二段105號', 40, 13, '2024-05-31 09:20:57', '2024-05-31 09:20:57'),
(14, '奈良之旅：歷史與自然', '亞洲', '林雅文', '2024-10-20 14:00:00', '日本', '奈良，是日本一座充滿歷史和文化底蘊的城市，也是日本古都之一。這座古老的城市擁有許多令人驚嘆的古蹟和自然景觀，吸引著來自世界各地的遊客。在這個講座中，我們將帶您探索奈良的迷人之處。您將有機會參觀奈良公園，欣賞那些古老的寺廟和園林，並與奈良的鹿群親密接觸。我們還將深入了解奈良的歷史和文化，探討其背後的故事和傳說。無論您是對日本歷史感興趣，還是喜愛大自然美景，奈良都會給您帶來難忘的旅行體驗。讓我們一起來探索奈良，感受其獨特的魅力，並度過一段美好的時光！', '台北市中正區重慶南路一段122號', 40, 14, '2024-05-31 09:20:57', '2024-05-31 09:20:57'),
(15, '穿越歐洲的夢幻列車之旅', '歐洲', '張文', '2024-06-26 14:00:00', '歐洲', '歐洲擁有世界上最美麗和多樣的鐵路風景。從瑞士的冰河快車到挪威的弗洛姆鐵路，每一條線路都展現了歐洲的獨特魅力。本次講座將帶您穿越歐洲的夢幻列車之旅，分享沿途的風景、文化和美食，讓您感受鐵路旅行的無窮魅力。', '台北市內湖區洲子街72號一樓', 30, 15, '2024-05-31 09:20:57', '2024-05-31 09:20:57');

-- --------------------------------------------------------

--
-- 資料表結構 `members`
--

CREATE TABLE `members` (
  `member_id` varchar(255) NOT NULL,
  `name` varchar(255) NOT NULL,
  `email` varchar(255) NOT NULL,
  `password` varchar(255) DEFAULT NULL,
  `created_at` datetime NOT NULL,
  `updated_at` datetime NOT NULL
) ENGINE=InnoDB DEFAULT CHARSET=utf8 COLLATE=utf8_general_ci;

--
-- 傾印資料表的資料 `members`
--

INSERT INTO `members` (`member_id`, `name`, `email`, `password`, `created_at`, `updated_at`) VALUES
('20000426021', '陳清蓉', 'Santino_Medhurst@yahoo.com', '$2b$10$/8jKOOLGgwtir2C8ZWM4t.H4vsuEGiG908.a9i1O0UOpgz9VHoJBm', '2024-05-31 09:20:57', '2024-05-31 09:20:57'),
('20000908098', '曹欣津', 'Samara_Pacocha22@hotmail.com', '$2b$10$T45ZWd14rmKnVtZSg5dkc.keoTHU9Jo8sRwPjgnBKOm8Qn4lbh4T2', '2024-05-31 09:20:57', '2024-05-31 09:20:57'),
('20010723045', '莫珍菁', 'Ilene.Pfannerstill@yahoo.com', '$2b$10$KABGzXRoiCUkhw204B7GXuwz.SCYK8naS1qi.xXrQ5YXIuch/oYWS', '2024-05-31 09:20:57', '2024-05-31 09:20:57'),
('20010916080', '康高哲', 'Dale_Rohan32@yahoo.com', '$2b$10$f4o3F3/8GqXE3IR1jhvgsO8A5vNS8oS35eOOLJsmHipzP/Hd8QgH2', '2024-05-31 09:20:57', '2024-05-31 09:20:57'),
('20011130049', '莊鈞秀', 'Adan45@yahoo.com', '$2b$10$CKJqsmEIgjYLfSd2Q2eFgO8nphTW7YlEui0GDrL3c4R1//I5LMVc.', '2024-05-31 09:20:57', '2024-05-31 09:20:57'),
('20011215066', '翁忠', 'Shyanne26@hotmail.com', '$2b$10$wTKLX3VohXB1s1w7W4N3juC.2Aq0jfxHI1VV1IKR1rcwNWws2Hb.K', '2024-05-31 09:20:57', '2024-05-31 09:20:57'),
('20020414064', '廣柏進', 'Adelbert49@hotmail.com', '$2b$10$oX9DFSso9j..5vCmtAWH/uVJsVkhhM/OJLvT4h6.jHW0Oar5MN//u', '2024-05-31 09:20:57', '2024-05-31 09:20:57'),
('20020730066', '廣秀豪', 'Seth.Kuphal53@yahoo.com', '$2b$10$lnn.aupFYZw5Jbik1eQM/uTbLBeW3DilmEZbdoDOC1TwbLrIS4yvO', '2024-05-31 09:20:57', '2024-05-31 09:20:57'),
('20021204039', '方鴻硯', 'Heloise_VonRueden@yahoo.com', '$2b$10$WxEwajTndNBzTqM53p6c1.WoT7C/yTOcXFsmu44vDaFBHT8WYCh5W', '2024-05-31 09:20:57', '2024-05-31 09:20:57'),
('20030712003', '燕佳聰', 'Vivian.Konopelski@hotmail.com', '$2b$10$orY32/6fwWkql1XunMkjsOyQSP6xsIMMWYehyp0KZz9awOaDKjSb.', '2024-05-31 09:20:57', '2024-05-31 09:20:57'),
('20030804016', '高仲瑜', 'Rosetta91@yahoo.com', '$2b$10$VbRbCnRk5QUEOn0CcWStReRbWpho5jrRBmJ3JTUhEMMPVEwp.IT2i', '2024-05-31 09:20:57', '2024-05-31 09:20:57'),
('20030830071', '馬珊真', 'Michel.Price@hotmail.com', '$2b$10$BKvhaF203XNoYcCxciMvsO.RXHqRMN6DckCggbQTgo4BZ4l3yC48a', '2024-05-31 09:20:57', '2024-05-31 09:20:57'),
('20040303059', '趙凱伯', 'Odell.Klein@gmail.com', '$2b$10$sveXZkh1aHGpkXwg73H1b.7S1xibX7zyPK.5i0r.rBqsIcXAcO0wq', '2024-05-31 09:20:57', '2024-05-31 09:20:57'),
('20040428019', '蕭蕙凱', 'German7@yahoo.com', '$2b$10$yk.c4xG92RQTO37dl1w2U.ZOufzJcik6L1ATpeX5.a5AyNauNH/U6', '2024-05-31 09:20:57', '2024-05-31 09:20:57'),
('20040915066', '陽旻鈞', 'Keanu66@gmail.com', '$2b$10$Snwtwh4p5d6.LPFUB..TM.bU6eLC/X0N4w0gecro0YIyjKCXXixTu', '2024-05-31 09:20:57', '2024-05-31 09:20:57'),
('20041222099', '錢安佳', 'Marcelino.Boyle98@yahoo.com', '$2b$10$UJcMxk1OZsp8ghNLl1NYwezNF2MKHkWZGnmGJlBck2udnQXIlk8Oa', '2024-05-31 09:20:57', '2024-05-31 09:20:57'),
('20050922018', '武志煒', 'Emiliano_Hermann@hotmail.com', '$2b$10$4oljfpncmrYea3WAC9f7geMFDC0lwT39VWUdx63y3.hWzl6IzEBga', '2024-05-31 09:20:57', '2024-05-31 09:20:57'),
('20050925004', '江元修', 'Preston_Kertzmann99@yahoo.com', '$2b$10$nsJJUcBQ6IsmDoh776fjbenQcMGfaO3mx36IuKBIFthPP.Q0djk7q', '2024-05-31 09:20:57', '2024-05-31 09:20:57'),
('20051020075', '童宇書', 'Blanche51@yahoo.com', '$2b$10$MkTi5somUPxQZrh0S0iF5ekLvsNGYXcLVNEW/fQtLczrUeahQg79y', '2024-05-31 09:20:57', '2024-05-31 09:20:57'),
('20051203049', '彭心婷', 'Itzel74@gmail.com', '$2b$10$pr9TMGEuXUnGcAe3.3pUbeNqJpyLgOndGkp8v5TqFvtyBa24re2BK', '2024-05-31 09:20:57', '2024-05-31 09:20:57'),
('20060306050', '楊俊在', 'Colt60@yahoo.com', '$2b$10$tslqivHqyB2W8.WmBgdQKeb7CAIzviW6Bx7swLmK/kWvu6CfCn4Cy', '2024-05-31 09:20:57', '2024-05-31 09:20:57'),
('20060417093', '林勝曉', 'Mabel_Yundt66@yahoo.com', '$2b$10$zzW4YoKINfFIFNFmqt9XyOz4Ps1QuFmZAI89DnwfI2VeQLKne.Bdy', '2024-05-31 09:20:57', '2024-05-31 09:20:57'),
('20060727054', '王奕興', 'Jadon_Treutel4@gmail.com', '$2b$10$OFGVElD4B1QSaYTUvTXWvOYLgJiS7KkD8BCVaV1NjpMHja6MsZ9Gu', '2024-05-31 09:20:57', '2024-05-31 09:20:57'),
('20061114012', '浦雅菱', 'Nasir6@gmail.com', '$2b$10$O6DS4Z1z/BAB.Gvx3GLcnuLNwJiatO0dQepoHAtxPixZLLDIKxTne', '2024-05-31 09:20:57', '2024-05-31 09:20:57'),
('20070317031', '廖芳雅', 'Benny73@hotmail.com', '$2b$10$5oiqu7CWa4xj/l/hhRcKQ.HMQVVFqGwmmnbG0nqoxqRkBGg38YsOa', '2024-05-31 09:20:57', '2024-05-31 09:20:57'),
('20070414042', '吳傑茹', 'Martin_Russel2@gmail.com', '$2b$10$slz88QbBejVGokKftzMnBuKvbOx21VZnbDNVj263LTlLt2taZM7Bi', '2024-05-31 09:20:57', '2024-05-31 09:20:57'),
('20070729050', '洪政修', 'Bennett_Predovic@yahoo.com', '$2b$10$smKFC2wLInkunn/PQqNZ9eC.aY1FWMkmNDHLeP0X5WVApR2s9dcIG', '2024-05-31 09:20:57', '2024-05-31 09:20:57'),
('20071002092', '嚴秀姿', 'Dudley_Yost@gmail.com', '$2b$10$epjUB6W7GOvBNkj7ZpmOj.eyqB9aNziR2nT1Y8VOf8uw70v9.i7Ke', '2024-05-31 09:20:57', '2024-05-31 09:20:57'),
('20080907068', '陶書昇', 'Carleton.Becker@yahoo.com', '$2b$10$Rew5hvIB9Xj/fxOosPqoEelKyFIFQ.7jvW8eL8P7WDbKtxHw52PAK', '2024-05-31 09:20:57', '2024-05-31 09:20:57'),
('20081108019', '蔡喬雄', 'Leonard_Schamberger@yahoo.com', '$2b$10$PaSWMDzMw2t83tHYufzTLe7BaLtyDtfvIfzXIjHpzJdTZxqWaVtSa', '2024-05-31 09:20:57', '2024-05-31 09:20:57'),
('20081128027', '錢哲唯', 'Marge29@hotmail.com', '$2b$10$QU6uVq3OtXYe8u.AAcIsaeV/qa/PtlHkXCVSwQS5.uz9eNQtI/jBq', '2024-05-31 09:20:57', '2024-05-31 09:20:57'),
('20090104041', '艾鈺庭', 'Makenzie_Sanford@gmail.com', '$2b$10$3/RO5qS3.Nm/TuvkZls63eyLhmYBdvo5nf47abAFla5PA1JrF6Sa6', '2024-05-31 09:20:57', '2024-05-31 09:20:57'),
('20090128084', '于惠鴻', 'Neha_Macejkovic92@gmail.com', '$2b$10$46lJ.Ugu1k9jwjoSkAskPeIE9D6zZIai/AhoE/dkxTvsppyUI5Ogu', '2024-05-31 09:20:57', '2024-05-31 09:20:57'),
('20090928079', '林政淳', 'Cory_Marks45@yahoo.com', '$2b$10$zBMsOffuzMwNj1pN5srbsuIRGS3YLn0lv41BHlj7vE4cMmeCQagAy', '2024-05-31 09:20:57', '2024-05-31 09:20:57'),
('20100605013', '戚逸志', 'Christian_Lang44@yahoo.com', '$2b$10$1fFT3M1xVfKWLH1N7J6YaOLfQ4PKP1jUzuE7oQsC99GU2clYh5q.i', '2024-05-31 09:20:57', '2024-05-31 09:20:57'),
('20100815080', '周靖莘', 'Levi.Connelly79@hotmail.com', '$2b$10$yn1WZCtfvYhqQxC9dT.7XOVy41IMIhEqbouSmblmPS9qrxkoxEFLK', '2024-05-31 09:20:57', '2024-05-31 09:20:57'),
('20100829076', '高欣甫', 'Russel_Fritsch61@yahoo.com', '$2b$10$hZYC5uiixmkCNrPVBvqkCu0C7CSTGfVtxxgwdVdcwVgqSfE.f27Aa', '2024-05-31 09:20:57', '2024-05-31 09:20:57'),
('20100909089', '廣育國', 'Arch.Willms@hotmail.com', '$2b$10$85kjCIzOB87XB32HhxlwbeETL1jTgK3PQJnUZnZRLbxRhefFDQ8o6', '2024-05-31 09:20:57', '2024-05-31 09:20:57'),
('20100928066', '盧卉恩', 'Dimitri.Kemmer@yahoo.com', '$2b$10$Zh7lAQ69DxESeUvrCdtOse8ro7JLR6CjXSWR545HLX3ghYxH19Fv6', '2024-05-31 09:20:57', '2024-05-31 09:20:57'),
('20101019082', '陸良維', 'Lucio11@gmail.com', '$2b$10$TB8DqruUDkSRoc/Ejefecu5.ldgpOr6SkDIW.sx3yxT2nc3eGNSty', '2024-05-31 09:20:57', '2024-05-31 09:20:57'),
('20101031091', '方紋涵', 'Amir41@yahoo.com', '$2b$10$E.p5sm7paKParL8D5yobSu2Jbp8srEkV0C3GMIgTX8aHhpbQVZkMK', '2024-05-31 09:20:57', '2024-05-31 09:20:57'),
('20101228051', '巴峻恆', 'Bert41@gmail.com', '$2b$10$7havnn9/pBkEgSQmCN3Zd.hyv3qVhSvPBfYCcuMa39OoSWStvfUtS', '2024-05-31 09:20:57', '2024-05-31 09:20:57'),
('20110227075', '簡念瀚', 'Lexie.Cormier-Davis@gmail.com', '$2b$10$rCZORFhkniXsnAJ1wYKE8OTOkkhqtg2OTbMGvz0bDadeoQm9sgze.', '2024-05-31 09:20:57', '2024-05-31 09:20:57'),
('20110308038', '融偉翰', 'Raquel.Bernhard70@gmail.com', '$2b$10$snm4ervD8xLHksI0EwFRr./Q6F8Q46xNZN5r2jtmDdkz5vfR45.I.', '2024-05-31 09:20:57', '2024-05-31 09:20:57'),
('20110318033', '蘇禮汶', 'Derrick_Kshlerin12@gmail.com', '$2b$10$YZ8OksikfSLhmkNDV29eC.bUtEdVFSkkmfnGJYDPWpx2yspW1jtre', '2024-05-31 09:20:57', '2024-05-31 09:20:57'),
('20110825039', '孫銘裕', 'Elvie_Kulas@hotmail.com', '$2b$10$Pb2w75979o/Iurm.hyRQn.jYGRZKtgR./L9Zd2Y2yXlVFpQ4thUBW', '2024-05-31 09:20:57', '2024-05-31 09:20:57'),
('20111126027', '戴銘浩', 'Delia48@hotmail.com', '$2b$10$pYVp/CAVQ4P6v/SBMB.F3.9goO.O5tvHQmyhOBHWvXAJc0TU3L0XC', '2024-05-31 09:20:57', '2024-05-31 09:20:57'),
('20120804077', '宋啟菡', 'Michale11@hotmail.com', '$2b$10$ikZwruyL3t0Dpt9UTd76tedgXj4hK9H4RsGi3CA/vhSG3.uU7OD6u', '2024-05-31 09:20:57', '2024-05-31 09:20:57'),
('20120917035', '莘興乃', 'Isabella.Bailey@hotmail.com', '$2b$10$VQOxZz66fGA4OpAd.QlXAeXAZYIq4SwtPlDXegikO0Grn8cDjNriy', '2024-05-31 09:20:57', '2024-05-31 09:20:57'),
('20121106071', '洪婉安', 'Ernestine8@yahoo.com', '$2b$10$7Ei1GPU3birGMKuGPcbdeu3Z40N4M6EOXuExtSsWuyqPY5nnuTnCC', '2024-05-31 09:20:57', '2024-05-31 09:20:57'),
('20121107076', '孫智靜', 'Malvina_Schiller25@gmail.com', '$2b$10$dsWsKVlUoTxXulUv/B1iR.KvMTO7gLrS4gPoJCgxbesXchVX9mZqu', '2024-05-31 09:20:57', '2024-05-31 09:20:57'),
('20130223006', '蒼芳倫', 'Oswald.Cruickshank74@yahoo.com', '$2b$10$ybIpKTq8dgP4SJewER58oO6dvJvcP8bL62PpQ6rZAhPOSqbRiUomO', '2024-05-31 09:20:57', '2024-05-31 09:20:57'),
('20130605030', '高玟文', 'Connie.Ullrich@hotmail.com', '$2b$10$35J07a8VbSyd3T23pxnrJubm1kH6UznDjKCPowSxC0t7uHvrNPSt2', '2024-05-31 09:20:57', '2024-05-31 09:20:57'),
('20130910059', '巢祖然', 'Madilyn_OReilly71@gmail.com', '$2b$10$U0aY6o1BzMpCiazClEhjjeHaO6bSE.urrV2TFufHSB.qXzUNj8S92', '2024-05-31 09:20:57', '2024-05-31 09:20:57'),
('20130929095', '倪廷學', 'Dane_Hegmann@gmail.com', '$2b$10$CN699VbFFXbqClkqT6cW3OL/8cw70rInE2MrJm9XUcBAz1m2hGKmi', '2024-05-31 09:20:57', '2024-05-31 09:20:57'),
('20131014068', '周銘雅', 'Telly1@gmail.com', '$2b$10$jBzD9MQC/Z80oedzozTjr.Ndzi1rycSqNwvSWdwezOJm.uRDy0S9G', '2024-05-31 09:20:57', '2024-05-31 09:20:57'),
('20140202060', '何鈴鼎', 'Baron67@yahoo.com', '$2b$10$ZcQ84G0wDRPhlnK9r7xAU.0gkMf/2SGreTwpebTluEjkDyvwVcnWy', '2024-05-31 09:20:57', '2024-05-31 09:20:57'),
('20140519026', '安嘉', 'Donato_Huel83@yahoo.com', '$2b$10$li3jSnUUbjpNe2ErvX2W6.RffoTdv1P.zzqojBW6ekR0LbVWSYU.C', '2024-05-31 09:20:57', '2024-05-31 09:20:57'),
('20140603024', '龔琪泓', 'Merritt.Huels@gmail.com', '$2b$10$AiEeg6K5KPwuOrdPmiFIROkxUIt/TpI23K1hRhecRSuX9U1OBvFoO', '2024-05-31 09:20:57', '2024-05-31 09:20:57'),
('20140928086', '陽琳菱', 'Dale68@hotmail.com', '$2b$10$prUQ5Kpx1ge92ow0dBkRL.SgXM3HmLBOEiRQu8VbnZW4kIfcrz/6e', '2024-05-31 09:20:57', '2024-05-31 09:20:57'),
('20150121025', '蘇儀毅', 'Abner68@gmail.com', '$2b$10$H5JlnmwI9b7SdoHsj7YWruzCMyabhikIwFfvOAY0yU82R9p4xFDEu', '2024-05-31 09:20:57', '2024-05-31 09:20:57'),
('20150221008', 'Lars', 'group3@gmail.com', '$2b$10$x7Dcm5pm7ZzZni0uOo3VAOXSwvVR2X.VWuTa03dgfsw9pInLjF2/y', '2024-05-31 09:20:57', '2024-05-31 09:20:57'),
('20150614030', '謝伶立', 'August12@yahoo.com', '$2b$10$2gCfn3n9hHFBYhp4cHl88.nR4K58uQDiTZByhxnP0KgU5FgizHpJW', '2024-05-31 09:20:57', '2024-05-31 09:20:57'),
('20150802088', '蒙瑜權', 'Muriel_Hayes@yahoo.com', '$2b$10$0pw.poWhAKwFu3BH4J08wueb4mEdnPVMTK/i1hx.H3pr0JkXt/Ndy', '2024-05-31 09:20:57', '2024-05-31 09:20:57'),
('20150811081', '柏儒妤', 'Maribel67@hotmail.com', '$2b$10$7BumRZdOtkFjO.uf98iU2eXhHVAIx4SOGBIILXoFXigjI2fHBQ6XO', '2024-05-31 09:20:57', '2024-05-31 09:20:57'),
('20150923025', '方曉琪', 'Domenico_Gislason@yahoo.com', '$2b$10$.Vn7VS5qEDGD.yoNLrmteelmN/gK3cyvwxbNQ0eosh.19AkY4OCKG', '2024-05-31 09:20:57', '2024-05-31 09:20:57'),
('20160514063', '尚思', 'Camden.Wolff@gmail.com', '$2b$10$JZHsdHjcX3yOIWcKLzaLgOsPhk6pMub4Dc2gsAvvVbbW7QuO.6H1G', '2024-05-31 09:20:57', '2024-05-31 09:20:57'),
('20160725020', '珠哲妤', 'Alena.Gorczany@gmail.com', '$2b$10$k9JiK0BZAjwWBbnSWsTvxuEIz9KOcHUtChs1G/SKKqWq/1PCwgYAa', '2024-05-31 09:20:57', '2024-05-31 09:20:57'),
('20160726085', '許聖淳', 'Alysa45@yahoo.com', '$2b$10$voLeXk3/ypL0AmIj7JPEs.B4NMuxivFsrgRd1HMD4wGUzcET2MMOK', '2024-05-31 09:20:57', '2024-05-31 09:20:57'),
('20160814085', '史逸莆', 'Percival86@yahoo.com', '$2b$10$nox.TUO5x1vTcHVEg/Z5BO690bJvXmGOUBeutwyq3M01tpN5ayfza', '2024-05-31 09:20:57', '2024-05-31 09:20:57'),
('20161103043', '沙盈樵', 'Haylie.Schiller49@yahoo.com', '$2b$10$R2m5WfJwH6p42fmjRiSFuunjdx/VCTBWDPz5x.FOvIWnw70wRohoS', '2024-05-31 09:20:57', '2024-05-31 09:20:57'),
('20170106096', '江廷諦', 'Orin16@gmail.com', '$2b$10$TfTOcl/pGZYWTtiC7lMqbuSD5a/5u.3/7wc6.6x/5xCwAFndTJcVW', '2024-05-31 09:20:57', '2024-05-31 09:20:57'),
('20171213028', '劉璽昇', 'Walter_Kuhic21@yahoo.com', '$2b$10$5TnurUx7kujcofhGUMnNheC7LdIc4FjWxTJfqLqIBszWLjGq5fkbS', '2024-05-31 09:20:57', '2024-05-31 09:20:57'),
('20180521058', '徐文蓁', 'Judson.Conroy56@gmail.com', '$2b$10$G18Cqz1okp.iMg9SZHlYP.9nOvnEoLbJrzgCuESzAW01WZ0GM6bwa', '2024-05-31 09:20:57', '2024-05-31 09:20:57'),
('20180801008', '郗東世', 'Cynthia_Moen8@hotmail.com', '$2b$10$GKpdTH7kIPetToYeOWXpb.mZl4ZmNtA9xyaZo.ZOkU0Poe97JgutS', '2024-05-31 09:20:57', '2024-05-31 09:20:57'),
('20180813035', '張傑瑩', 'Jude_Turcotte67@hotmail.com', '$2b$10$DOE5xSncbHxsU/7ZZogH/.uBK3etc./wzcQNVFSUx07n65r/56d0.', '2024-05-31 09:20:57', '2024-05-31 09:20:57'),
('20190219074', '謝銘佑', 'Ena_Ebert@hotmail.com', '$2b$10$99PT3JZIof5qG7FNNCc1xuArFAT/4cxBUuogpD.EL2smVhryve3tS', '2024-05-31 09:20:57', '2024-05-31 09:20:57'),
('20190509015', '紀強德', 'Rae.Reichel71@hotmail.com', '$2b$10$enTdK/EETnY3rYhxfjpBNOuPn1vwrcKpo4lJppgvh50DTETlAuiwi', '2024-05-31 09:20:57', '2024-05-31 09:20:57'),
('20200108018', '高南漢', 'Charlie63@gmail.com', '$2b$10$KmZK5ebdLhy8Uan52vKUaemdoJV9Y44oxKre1MmYS7OA3TZLWUlty', '2024-05-31 09:20:57', '2024-05-31 09:20:57'),
('20200909081', '蒼建呈', 'Jay_Crist14@yahoo.com', '$2b$10$X8ALggf0K3kOuB1wpqIyfeXeOCtws3mOZjxqpVBr1EpXYr3x4klJe', '2024-05-31 09:20:57', '2024-05-31 09:20:57'),
('20201015085', '畢曉', 'Roy.Hansen50@hotmail.com', '$2b$10$0L0MNd9LwJC8apqw.yAwC.25sgieWP8UsJJII0xzacxq2xafZFKtW', '2024-05-31 09:20:57', '2024-05-31 09:20:57'),
('20201029003', '庾詠珍', 'Audie66@hotmail.com', '$2b$10$ka7utLBEIgxTdS8Yykw/vud3cPVb5TCrSgeRKIF0ncd8oCMG3ed4u', '2024-05-31 09:20:57', '2024-05-31 09:20:57'),
('20210210062', '朱欽豪', 'Novella33@yahoo.com', '$2b$10$lMUYv4BjQvP4M/Xs27aQ0.5k3M5wU0zdfmd8Frihsn4POJ3BW1Lte', '2024-05-31 09:20:57', '2024-05-31 09:20:57'),
('20210421078', '趙安妏', 'Tyshawn_OKeefe61@hotmail.com', '$2b$10$mFKY/T0U2.1Dxbpv/NAGeu.t43zUJ3IVqTabGgmytUjJhk64Rqreu', '2024-05-31 09:20:57', '2024-05-31 09:20:57'),
('20210511046', '龍全亞', 'America_Morissette@gmail.com', '$2b$10$vY9mCQOOUal0R6rN3Zo1QuxZ99c/AhXRSY/xkD/So9CJpAOcpFs5y', '2024-05-31 09:20:57', '2024-05-31 09:20:57'),
('20210731054', '牛佑傳', 'Allene_Kerluke67@gmail.com', '$2b$10$48DhMpTDJNhCtN7smck54.w1fC4NtoP7brJfy9AT3tmRXBO.BgTgK', '2024-05-31 09:20:57', '2024-05-31 09:20:57'),
('20211019089', '柯書豪', 'Verner.Heidenreich@gmail.com', '$2b$10$tWYoU24/f3xIqYczdzgomeQ.gPX3ymLY1lrV7T6K66uydqHsapIoe', '2024-05-31 09:20:57', '2024-05-31 09:20:57'),
('20211109053', '蔡玉世', 'Darrell_Crooks90@yahoo.com', '$2b$10$MMWceqdJkFBctDzwTXEyGeC6c0/nUhPtWzEUxnpCsgw7aAwUvTOBi', '2024-05-31 09:20:57', '2024-05-31 09:20:57'),
('20220114033', '酈文秉', 'Heaven_Turner-Deckow@gmail.com', '$2b$10$/PfNzFHLfe3M1O5hwqUGd.8W9ugTeCe42scLAPQ0h44Xi7FrCSkc.', '2024-05-31 09:20:57', '2024-05-31 09:20:57'),
('20220330014', '陽恩伊', 'Leora73@gmail.com', '$2b$10$OsW2oHrUWhfTv.R8EIngT.8K3kE6.kcFRhl9k7hYD.tgvqfFPElwq', '2024-05-31 09:20:57', '2024-05-31 09:20:57'),
('20220719023', '蕭清伶', 'Carrie.Schaden@yahoo.com', '$2b$10$5n4vke6.J.DnOyxYc16kAuHujTlgeWlvEz0ZIcAm.e/M5zYhQ09E6', '2024-05-31 09:20:57', '2024-05-31 09:20:57'),
('20220812007', '許宇語', 'Theresia.Kulas@gmail.com', '$2b$10$oF9IAYjP7Ve9Y5JNCKoki.Pl1PVZegUx0bN6ouame3SyvW/TS2B4i', '2024-05-31 09:20:57', '2024-05-31 09:20:57'),
('20221126099', '施彥光', 'Fletcher_Conn-Block@gmail.com', '$2b$10$MhjXj9gwHNpQLiML71gmM.Oop9S6.HoDO132E/9iZYKXoaaxJvqXu', '2024-05-31 09:20:57', '2024-05-31 09:20:57'),
('20230207032', '呂美子', 'Nelle.Carroll@gmail.com', '$2b$10$Fj9yonnT.cW/1pKS2siove2lKCjUf8UmrWj0p/2mf8OTNZ1jo45G2', '2024-05-31 09:20:57', '2024-05-31 09:20:57'),
('20230409080', '關彥富', 'Ansley.Hirthe38@yahoo.com', '$2b$10$.bbZVMBh8h9LZAqfdZdrFuBMYQSmJJD6Pc9i2ThsRXIYz27Q7fYEO', '2024-05-31 09:20:57', '2024-05-31 09:20:57'),
('20230820078', '辛如博', 'Enos.Predovic@gmail.com', '$2b$10$os9TWazA61993IykEYMS.OICWg/xG1i8kVGfq2qhJ.CBbE1JIfe/u', '2024-05-31 09:20:57', '2024-05-31 09:20:57'),
('20231119048', '須仁君', 'Brock28@hotmail.com', '$2b$10$wh/1NVntjBZA2UwJP0FPmePIhyzn0FaxgSGxmK6piKbN8mfj/pydO', '2024-05-31 09:20:57', '2024-05-31 09:20:57'),
('20240401066', '江彥筠', 'Monserrate53@gmail.com', '$2b$10$RpnaY3PMnQX6PJ8P9xfhMeWSsk6D3WhQXP7qgycjzw1jLBtybPVWm', '2024-05-31 09:20:57', '2024-05-31 09:20:57'),
('20240411046', '熊青婷', 'Rebeka.Gleason@gmail.com', '$2b$10$gYkkYFsb3hkq30Sljfo5/uUZEwO73AZyPeDXfFF7IvQHW4tF72XFq', '2024-05-31 09:20:57', '2024-05-31 09:20:57'),
('20240519077', '昌筱慧', 'Verlie.Collier61@gmail.com', '$2b$10$pngE3ZWrlOn4gupWSslmz.gKyCNn5T9a9nHQyeEGoX4cROXd9m2Je', '2024-05-31 09:20:57', '2024-05-31 09:20:57');

-- --------------------------------------------------------

--
-- 資料表結構 `members_info`
--

CREATE TABLE `members_info` (
  `sid` int(11) NOT NULL,
  `first_name` varchar(255) DEFAULT NULL,
  `last_name` varchar(255) DEFAULT NULL,
  `id_num` varchar(255) DEFAULT NULL,
  `mobile` varchar(255) DEFAULT NULL,
  `birthday` varchar(255) DEFAULT NULL,
  `points` int(11) DEFAULT NULL,
  `tag` varchar(255) DEFAULT NULL,
  `address` varchar(255) DEFAULT NULL,
  `avatar` varchar(255) DEFAULT NULL,
  `member_id` varchar(255) NOT NULL,
  `created_at` datetime NOT NULL,
  `updated_at` datetime NOT NULL
) ENGINE=InnoDB DEFAULT CHARSET=utf8 COLLATE=utf8_general_ci;

--
-- 傾印資料表的資料 `members_info`
--

INSERT INTO `members_info` (`sid`, `first_name`, `last_name`, `id_num`, `mobile`, `birthday`, `points`, `tag`, `address`, `avatar`, `member_id`, `created_at`, `updated_at`) VALUES
(1, 'Henriette', 'Wisoky', 'I116428444', '0970261234', '2017-05-23', 44655, '歐洲', '高雄市新興區南台路96號23樓', 'https://avatars.githubusercontent.com/u/58051893', '20150221008', '2024-05-31 09:20:57', '2024-05-31 09:20:57'),
(2, 'Grace', 'Bogisich', 'N117040374', '0955601001', '1997-02-17', 16635, '', '基隆市仁愛區仁一路286號24樓', 'https://avatars.githubusercontent.com/u/91429180', '20071002092', '2024-05-31 09:20:57', '2024-05-31 09:20:57'),
(3, 'Emerson', 'Kassulke', 'I215363055', '0916461720', '1978-09-24', 47590, '中南美洲', '高雄市內門區番子路137號10樓', 'https://avatars.githubusercontent.com/u/9506124', '20000908098', '2024-05-31 09:20:57', '2024-05-31 09:20:57'),
(4, 'Carole', 'Miller-Bechtelar', 'M226117718', '0918802536', '1984-07-01', 4732, '歐洲', '臺中市東勢區中新街483號9樓', 'https://avatars.githubusercontent.com/u/77551623', '20130929095', '2024-05-31 09:20:57', '2024-05-31 09:20:57'),
(5, 'Cody', 'Tillman', 'X286514400', '0953224648', '1969-06-29', 27885, '日本', '臺北市北投區永興路１段239號13樓', 'https://cloudflare-ipfs.com/ipfs/Qmd3W5DuhgHirLHGVixi6V76LhCkZUz6pnFt5AJBiyvHye/avatar/440.jpg', '20070317031', '2024-05-31 09:20:57', '2024-05-31 09:20:57'),
(6, 'Demario', 'Jenkins', 'J188417224', '0958142165', '1998-10-06', 335, '日本', '苗栗縣苗栗市蕉嶺街45號6樓', 'https://cloudflare-ipfs.com/ipfs/Qmd3W5DuhgHirLHGVixi6V76LhCkZUz6pnFt5AJBiyvHye/avatar/1082.jpg', '20101228051', '2024-05-31 09:20:57', '2024-05-31 09:20:57'),
(7, 'Adolf', 'Bogan', 'P234386738', '0927157088', '1970-07-20', 17884, '日本', '苗栗縣後龍鎮校椅一路123號7樓', 'https://avatars.githubusercontent.com/u/52379306', '20130910059', '2024-05-31 09:20:57', '2024-05-31 09:20:57'),
(8, 'Markus', 'McDermott', 'U147484522', '0954621348', '1959-02-10', 27229, '', '雲林縣臺西鄉保安林469號15樓', 'https://avatars.githubusercontent.com/u/83521516', '20030804016', '2024-05-31 09:20:57', '2024-05-31 09:20:57'),
(9, 'Joseph', 'Tromp', 'G243616270', '0954884333', '1965-05-16', 20709, '歐洲', '臺南市安南區布袋二街45號3樓', 'https://cloudflare-ipfs.com/ipfs/Qmd3W5DuhgHirLHGVixi6V76LhCkZUz6pnFt5AJBiyvHye/avatar/1174.jpg', '20110825039', '2024-05-31 09:20:57', '2024-05-31 09:20:57'),
(10, 'Bryon', 'Gutmann', 'S106478357', '0928731287', '1987-04-26', 6548, '日本', '屏東縣屏東市四維路339號14樓', 'https://avatars.githubusercontent.com/u/96700658', '20240411046', '2024-05-31 09:20:57', '2024-05-31 09:20:57'),
(11, 'Peter', 'Stanton', 'B265341035', '0939875683', '1992-02-20', 10097, '歐洲', '桃園市八德區田心仔384號12樓', 'https://avatars.githubusercontent.com/u/94754567', '20150923025', '2024-05-31 09:20:57', '2024-05-31 09:20:57'),
(12, 'Alexandria', 'Frami', 'N242108541', '0914155602', '1963-10-04', 29193, '中南美洲', '臺南市安平區育平八街131號5樓', 'https://cloudflare-ipfs.com/ipfs/Qmd3W5DuhgHirLHGVixi6V76LhCkZUz6pnFt5AJBiyvHye/avatar/110.jpg', '20140519026', '2024-05-31 09:20:57', '2024-05-31 09:20:57'),
(13, 'Alexandre', 'Christiansen', 'E273075249', '0958268404', '1969-07-14', 33498, '', '臺中市清水區中華路309號13樓', 'https://avatars.githubusercontent.com/u/86148110', '20160725020', '2024-05-31 09:20:57', '2024-05-31 09:20:57'),
(14, 'Emmy', 'Wisozk', 'A268506751', '0918157566', '1974-06-22', 19199, '中南美洲', '高雄市鳳山區長興街204號7樓', 'https://cloudflare-ipfs.com/ipfs/Qmd3W5DuhgHirLHGVixi6V76LhCkZUz6pnFt5AJBiyvHye/avatar/911.jpg', '20230409080', '2024-05-31 09:20:57', '2024-05-31 09:20:57'),
(15, 'Cleo', 'Marquardt', 'A108711074', '0956577537', '1969-05-06', 38425, '中南美洲', '宜蘭縣三星鄉楓林八路159號17樓', 'https://avatars.githubusercontent.com/u/94867610', '20110308038', '2024-05-31 09:20:57', '2024-05-31 09:20:57'),
(16, 'Laurel', 'Schumm', 'V131401018', '0913187810', '1966-02-24', 44441, '日本', '雲林縣虎尾鎮新生路111號19樓', 'https://cloudflare-ipfs.com/ipfs/Qmd3W5DuhgHirLHGVixi6V76LhCkZUz6pnFt5AJBiyvHye/avatar/125.jpg', '20140202060', '2024-05-31 09:20:57', '2024-05-31 09:20:57'),
(17, 'Reba', 'Durgan', 'G256028551', '0953824226', '1958-05-02', 15073, '中南美洲', '桃園市楊梅區幼五路19號5樓', 'https://cloudflare-ipfs.com/ipfs/Qmd3W5DuhgHirLHGVixi6V76LhCkZUz6pnFt5AJBiyvHye/avatar/400.jpg', '20060417093', '2024-05-31 09:20:57', '2024-05-31 09:20:57'),
(18, 'Monroe', 'Leannon', 'C201047379', '0952560812', '1964-04-24', 16514, '日本', '臺中市南屯區精科一路480號3樓', 'https://cloudflare-ipfs.com/ipfs/Qmd3W5DuhgHirLHGVixi6V76LhCkZUz6pnFt5AJBiyvHye/avatar/1038.jpg', '20100829076', '2024-05-31 09:20:57', '2024-05-31 09:20:57'),
(19, 'Linnie', 'Kiehn', 'U275471313', '0954586301', '1961-11-18', 7730, '日本', '臺中市沙鹿區中棲路東明巷261號19樓', 'https://cloudflare-ipfs.com/ipfs/Qmd3W5DuhgHirLHGVixi6V76LhCkZUz6pnFt5AJBiyvHye/avatar/643.jpg', '20090928079', '2024-05-31 09:20:57', '2024-05-31 09:20:57'),
(20, 'Gardner', 'Stamm', 'L710676054', '0919264801', '1995-12-14', 9012, '日本', '臺中市中區中正路214號23樓', 'https://avatars.githubusercontent.com/u/51925017', '20150121025', '2024-05-31 09:20:57', '2024-05-31 09:20:57'),
(21, 'Alexanne', 'O\'Keefe', 'S170542475', '0937771846', '1951-11-09', 28888, '', '臺南市新市區中山路85號23樓', 'https://cloudflare-ipfs.com/ipfs/Qmd3W5DuhgHirLHGVixi6V76LhCkZUz6pnFt5AJBiyvHye/avatar/1226.jpg', '20040428019', '2024-05-31 09:20:57', '2024-05-31 09:20:57'),
(22, 'Chaz', 'Mohr', 'N113048472', '0952706721', '1983-10-28', 45755, '歐洲', '嘉義市東區保成路77巷426號12樓', 'https://cloudflare-ipfs.com/ipfs/Qmd3W5DuhgHirLHGVixi6V76LhCkZUz6pnFt5AJBiyvHye/avatar/1234.jpg', '20050922018', '2024-05-31 09:20:57', '2024-05-31 09:20:57'),
(23, 'Ellsworth', 'Donnelly', 'Z224763820', '0934305540', '1985-04-04', 45081, '', '臺東縣關山鎮中山路461號17樓', 'https://cloudflare-ipfs.com/ipfs/Qmd3W5DuhgHirLHGVixi6V76LhCkZUz6pnFt5AJBiyvHye/avatar/481.jpg', '20100928066', '2024-05-31 09:20:57', '2024-05-31 09:20:57'),
(24, 'Anita', 'Green', 'I188381652', '0924617484', '1960-01-20', 13232, '日本', '桃園市大園區科五街385號11樓', 'https://avatars.githubusercontent.com/u/27738118', '20240401066', '2024-05-31 09:20:57', '2024-05-31 09:20:57'),
(25, 'Verona', 'O\'Reilly', 'G252755002', '0955001240', '1970-05-26', 1450, '', '臺中市烏日區大同八街290號4樓', 'https://avatars.githubusercontent.com/u/21810313', '20190219074', '2024-05-31 09:20:57', '2024-05-31 09:20:57'),
(26, 'Janessa', 'Hammes', 'M282047535', '0936573365', '1955-05-21', 29851, '中南美洲', '彰化縣田尾鄉溪頂路221號16樓', 'https://avatars.githubusercontent.com/u/61874061', '20110227075', '2024-05-31 09:20:57', '2024-05-31 09:20:57'),
(27, 'Javonte', 'Nitzsche', 'H224262815', '0931156188', '1973-08-08', 15935, '', '宜蘭縣壯圍鄉紅葉路427號7樓', 'https://cloudflare-ipfs.com/ipfs/Qmd3W5DuhgHirLHGVixi6V76LhCkZUz6pnFt5AJBiyvHye/avatar/1090.jpg', '20040915066', '2024-05-31 09:20:57', '2024-05-31 09:20:57'),
(28, 'Allene', 'Haag', 'W182361350', '0921166726', '1969-11-12', 3708, '', '南投縣竹山鎮濁水巷44號3樓', 'https://cloudflare-ipfs.com/ipfs/Qmd3W5DuhgHirLHGVixi6V76LhCkZUz6pnFt5AJBiyvHye/avatar/321.jpg', '20050925004', '2024-05-31 09:20:57', '2024-05-31 09:20:57'),
(29, 'Tabitha', 'Toy', 'R251271676', '0927656018', '1979-01-22', 4789, '日本', '高雄市旗津區上竹巷206號23樓', 'https://avatars.githubusercontent.com/u/68155265', '20221126099', '2024-05-31 09:20:57', '2024-05-31 09:20:57'),
(30, 'Ethyl', 'Daugherty', 'Q261804784', '0955167062', '1994-12-22', 15294, '中南美洲', '宜蘭縣五結鄉三興東路271號2樓', 'https://avatars.githubusercontent.com/u/58427334', '20180801008', '2024-05-31 09:20:57', '2024-05-31 09:20:57'),
(31, 'Skylar', 'Thiel', 'U241056437', '0938343443', '1973-05-14', 43027, '日本', '高雄市大社區塩埕巷366號5樓', 'https://cloudflare-ipfs.com/ipfs/Qmd3W5DuhgHirLHGVixi6V76LhCkZUz6pnFt5AJBiyvHye/avatar/165.jpg', '20081128027', '2024-05-31 09:20:57', '2024-05-31 09:20:57'),
(32, 'Greyson', 'McDermott', 'P144082254', '0918021026', '1985-06-01', 48897, '', '高雄市岡山區大德三路422號7樓', 'https://cloudflare-ipfs.com/ipfs/Qmd3W5DuhgHirLHGVixi6V76LhCkZUz6pnFt5AJBiyvHye/avatar/618.jpg', '20200909081', '2024-05-31 09:20:57', '2024-05-31 09:20:57'),
(33, 'Golden', 'Blanda', 'H138161276', '0987877807', '1999-10-02', 34382, '中南美洲', '臺中市豐原區自強南街269號10樓', 'https://avatars.githubusercontent.com/u/51240266', '20120804077', '2024-05-31 09:20:57', '2024-05-31 09:20:57'),
(34, 'Bettye', 'Labadie', 'B167661369', '0935163271', '1999-10-29', 19014, '中南美洲', '臺南市柳營區進學三街301號', 'https://cloudflare-ipfs.com/ipfs/Qmd3W5DuhgHirLHGVixi6V76LhCkZUz6pnFt5AJBiyvHye/avatar/607.jpg', '20160514063', '2024-05-31 09:20:57', '2024-05-31 09:20:57'),
(35, 'Sonny', 'Ullrich-Upton', 'K270502833', '0952246117', '1953-11-16', 20776, '中南美洲', '臺中市東勢區福成街416號21樓', 'https://cloudflare-ipfs.com/ipfs/Qmd3W5DuhgHirLHGVixi6V76LhCkZUz6pnFt5AJBiyvHye/avatar/741.jpg', '20051203049', '2024-05-31 09:20:57', '2024-05-31 09:20:57'),
(36, 'Jules', 'Hagenes', 'G218747842', '0972238302', '1963-12-24', 5265, '歐洲', '臺南市永康區東橋八街285號4樓', 'https://avatars.githubusercontent.com/u/95690802', '20211019089', '2024-05-31 09:20:57', '2024-05-31 09:20:57'),
(37, 'Jermain', 'Welch', 'K175717403', '0952256316', '1979-11-27', 33771, '', '高雄市美濃區大埤頭361號19樓', 'https://avatars.githubusercontent.com/u/87348812', '20101031091', '2024-05-31 09:20:57', '2024-05-31 09:20:57'),
(38, 'Brandy', 'Fahey', 'Q151625028', '0954878175', '1981-03-06', 48981, '日本', '桃園市龜山區大同路198號21樓', 'https://avatars.githubusercontent.com/u/3686697', '20040303059', '2024-05-31 09:20:57', '2024-05-31 09:20:57'),
(39, 'Erin', 'Schroeder', 'Q206521657', '0916743101', '1984-09-14', 12047, '歐洲', '苗栗縣竹南鎮想思林416號17樓', 'https://avatars.githubusercontent.com/u/11931157', '20210421078', '2024-05-31 09:20:57', '2024-05-31 09:20:57'),
(40, 'Domingo', 'Sauer-Bernhard', 'W158526856', '0934884375', '1954-08-05', 35799, '日本', '高雄市小港區華仁街147號14樓', 'https://avatars.githubusercontent.com/u/18251164', '20090104041', '2024-05-31 09:20:57', '2024-05-31 09:20:57'),
(41, 'Larry', 'Ebert', 'T208424823', '0925411560', '1996-01-10', 16199, '歐洲', '臺中市梧棲區文心街231巷240號6樓', 'https://cloudflare-ipfs.com/ipfs/Qmd3W5DuhgHirLHGVixi6V76LhCkZUz6pnFt5AJBiyvHye/avatar/450.jpg', '20130223006', '2024-05-31 09:20:57', '2024-05-31 09:20:57'),
(42, 'Willow', 'Jones', 'W201163116', '0970577255', '1975-10-29', 20607, '', '高雄市左營區重愛路182號23樓', 'https://avatars.githubusercontent.com/u/29660693', '20080907068', '2024-05-31 09:20:57', '2024-05-31 09:20:57'),
(43, 'Trenton', 'Cole', 'M284134200', '0938745523', '1957-09-18', 10181, '歐洲', '臺北市士林區葫蘆街30巷49號18樓', 'https://cloudflare-ipfs.com/ipfs/Qmd3W5DuhgHirLHGVixi6V76LhCkZUz6pnFt5AJBiyvHye/avatar/369.jpg', '20020730066', '2024-05-31 09:20:57', '2024-05-31 09:20:57'),
(44, 'Anibal', 'Armstrong', 'H208638702', '0915253446', '1978-09-23', 21027, '日本', '臺北市中山區樂群四路450號7樓', 'https://cloudflare-ipfs.com/ipfs/Qmd3W5DuhgHirLHGVixi6V76LhCkZUz6pnFt5AJBiyvHye/avatar/539.jpg', '20200108018', '2024-05-31 09:20:57', '2024-05-31 09:20:57'),
(45, 'Ike', 'Nikolaus', 'I263444463', '0934183458', '1982-10-01', 30407, '日本', '嘉義市西區德明路69號20樓', 'https://avatars.githubusercontent.com/u/67836493', '20201029003', '2024-05-31 09:20:57', '2024-05-31 09:20:57'),
(46, 'Brain', 'Kovacek', 'L281754076', '0918823262', '1988-01-21', 3363, '日本', '高雄市岡山區聖得路26號22樓', 'https://cloudflare-ipfs.com/ipfs/Qmd3W5DuhgHirLHGVixi6V76LhCkZUz6pnFt5AJBiyvHye/avatar/983.jpg', '20230820078', '2024-05-31 09:20:57', '2024-05-31 09:20:57'),
(47, 'Alexis', 'Feil-Torp', 'K225668733', '0914045271', '1969-02-23', 26639, '日本', '彰化縣北斗鎮斗苑路２段290號23樓', 'https://cloudflare-ipfs.com/ipfs/Qmd3W5DuhgHirLHGVixi6V76LhCkZUz6pnFt5AJBiyvHye/avatar/22.jpg', '20081108019', '2024-05-31 09:20:57', '2024-05-31 09:20:57'),
(48, 'Sophie', 'Nolan', 'N160662466', '0972352843', '1984-03-11', 16670, '', '宜蘭縣冬山鄉富堵一路298號2樓', 'https://cloudflare-ipfs.com/ipfs/Qmd3W5DuhgHirLHGVixi6V76LhCkZUz6pnFt5AJBiyvHye/avatar/106.jpg', '20121107076', '2024-05-31 09:20:57', '2024-05-31 09:20:57'),
(49, 'Chelsea', 'Schmidt', 'V171186509', '0914085887', '1977-12-19', 16085, '', '宜蘭縣三星鄉行健三路１段342號20樓', 'https://cloudflare-ipfs.com/ipfs/Qmd3W5DuhgHirLHGVixi6V76LhCkZUz6pnFt5AJBiyvHye/avatar/96.jpg', '20201015085', '2024-05-31 09:20:57', '2024-05-31 09:20:57'),
(50, 'Harmon', 'Spinka', 'F182111060', '0932854287', '1979-09-12', 42781, '歐洲', '南投縣竹山鎮大坪巷376號14樓', 'https://cloudflare-ipfs.com/ipfs/Qmd3W5DuhgHirLHGVixi6V76LhCkZUz6pnFt5AJBiyvHye/avatar/537.jpg', '20240519077', '2024-05-31 09:20:57', '2024-05-31 09:20:57'),
(51, 'Joshuah', 'Schaefer', 'A248066201', '0926376263', '1970-09-07', 37989, '歐洲', '新竹市香山區遊樂街266號3樓', 'https://cloudflare-ipfs.com/ipfs/Qmd3W5DuhgHirLHGVixi6V76LhCkZUz6pnFt5AJBiyvHye/avatar/928.jpg', '20090128084', '2024-05-31 09:20:57', '2024-05-31 09:20:57'),
(52, 'Laurence', 'Hand', 'H123427141', '0982504560', '1988-11-09', 37166, '歐洲', '雲林縣水林鄉大溝路295號18樓', 'https://cloudflare-ipfs.com/ipfs/Qmd3W5DuhgHirLHGVixi6V76LhCkZUz6pnFt5AJBiyvHye/avatar/67.jpg', '20231119048', '2024-05-31 09:20:57', '2024-05-31 09:20:57'),
(53, 'Tyler', 'Block', 'I118432582', '0928224062', '1963-04-22', 6068, '中南美洲', '桃園市中壢區永泰路55號19樓', 'https://avatars.githubusercontent.com/u/64004215', '20111126027', '2024-05-31 09:20:57', '2024-05-31 09:20:57'),
(54, 'Kraig', 'Schuster', 'P205671255', '0954773347', '1974-01-02', 49107, '中南美洲', '臺南市歸仁區大仁二街397號20樓', 'https://avatars.githubusercontent.com/u/5255831', '20140928086', '2024-05-31 09:20:57', '2024-05-31 09:20:57'),
(55, 'Tristin', 'Friesen', 'L265103408', '0987218775', '1986-04-09', 9852, '日本', '新北市新莊區中正路803巷348號9樓', 'https://avatars.githubusercontent.com/u/61448966', '20101019082', '2024-05-31 09:20:57', '2024-05-31 09:20:57'),
(56, 'Lon', 'Kling', 'E225411668', '0917244846', '1950-01-05', 43517, '', '花蓮縣瑞穗鄉中正南路２段196號11樓', 'https://cloudflare-ipfs.com/ipfs/Qmd3W5DuhgHirLHGVixi6V76LhCkZUz6pnFt5AJBiyvHye/avatar/1112.jpg', '20160726085', '2024-05-31 09:20:57', '2024-05-31 09:20:57'),
(57, 'Caesar', 'Hoeger', 'T251308812', '0987820786', '1996-04-14', 18858, '', '臺中市太平區育誠街271號10樓', 'https://cloudflare-ipfs.com/ipfs/Qmd3W5DuhgHirLHGVixi6V76LhCkZUz6pnFt5AJBiyvHye/avatar/444.jpg', '20210210062', '2024-05-31 09:20:57', '2024-05-31 09:20:57'),
(58, 'Leta', 'Larkin', 'X105865608', '0924837052', '1951-09-20', 11845, '日本', '新北市三峽區大仁路291號12樓', 'https://avatars.githubusercontent.com/u/19944657', '20150811081', '2024-05-31 09:20:57', '2024-05-31 09:20:57'),
(59, 'Linda', 'Torphy', 'A122427319', '0956174821', '1982-12-28', 6589, '', '新北市中和區勝利路4號16樓', 'https://avatars.githubusercontent.com/u/17927727', '20041222099', '2024-05-31 09:20:57', '2024-05-31 09:20:57'),
(60, 'Sophie', 'Mueller', 'S260612355', '0930578362', '1992-01-24', 41483, '日本', '高雄市左營區文寧街60號10樓', 'https://avatars.githubusercontent.com/u/73310119', '20180813035', '2024-05-31 09:20:57', '2024-05-31 09:20:57'),
(61, 'Pansy', 'Streich', 'F287011503', '0954451178', '1952-05-28', 22283, '中南美洲', '臺中市烏日區學田路山頂巷429號8樓', 'https://avatars.githubusercontent.com/u/95580189', '20230207032', '2024-05-31 09:20:57', '2024-05-31 09:20:57'),
(62, 'Wendell', 'Reichert', 'V131008071', '0956076076', '1981-05-22', 40446, '中南美洲', '臺南市安南區府安路５段369號13樓', 'https://cloudflare-ipfs.com/ipfs/Qmd3W5DuhgHirLHGVixi6V76LhCkZUz6pnFt5AJBiyvHye/avatar/54.jpg', '20210511046', '2024-05-31 09:20:57', '2024-05-31 09:20:57'),
(63, 'Sage', 'Mueller', 'T205661655', '0961810281', '1963-08-25', 3206, '日本', '高雄市小港區新生路358號22樓', 'https://cloudflare-ipfs.com/ipfs/Qmd3W5DuhgHirLHGVixi6V76LhCkZUz6pnFt5AJBiyvHye/avatar/265.jpg', '20100909089', '2024-05-31 09:20:57', '2024-05-31 09:20:57'),
(64, 'Bryon', 'Cremin', 'T115820477', '0987067180', '1980-09-01', 24470, '歐洲', '苗栗縣公館鄉五谷120號5樓', 'https://avatars.githubusercontent.com/u/63446902', '20160814085', '2024-05-31 09:20:57', '2024-05-31 09:20:57'),
(65, 'Aisha', 'Roberts', 'T146722424', '0939144184', '1950-12-21', 696, '中南美洲', '臺中市東區東福路475號10樓', 'https://cloudflare-ipfs.com/ipfs/Qmd3W5DuhgHirLHGVixi6V76LhCkZUz6pnFt5AJBiyvHye/avatar/377.jpg', '20190509015', '2024-05-31 09:20:57', '2024-05-31 09:20:57'),
(66, 'Felipa', 'Keebler', 'U102238582', '0924188765', '1962-01-30', 28445, '歐洲', '新北市土城區成功街175號4樓', 'https://avatars.githubusercontent.com/u/71796492', '20030830071', '2024-05-31 09:20:57', '2024-05-31 09:20:57'),
(67, 'Elnora', 'Harvey', 'M271855067', '0912124837', '1994-12-24', 42466, '', '金門縣金湖鎮三谿橋268號11樓', 'https://cloudflare-ipfs.com/ipfs/Qmd3W5DuhgHirLHGVixi6V76LhCkZUz6pnFt5AJBiyvHye/avatar/109.jpg', '20150614030', '2024-05-31 09:20:57', '2024-05-31 09:20:57'),
(68, 'Ilene', 'Hagenes', 'Y234033140', '0986006768', '1953-01-04', 18528, '歐洲', '臺南市大內區內庄480號15樓', 'https://avatars.githubusercontent.com/u/6499795', '20210731054', '2024-05-31 09:20:57', '2024-05-31 09:20:57'),
(69, 'Edgardo', 'McClure', 'D223236022', '0956256105', '1985-12-30', 21322, '日本', '苗栗縣後龍鎮新港三路251號11樓', 'https://avatars.githubusercontent.com/u/21048736', '20110318033', '2024-05-31 09:20:57', '2024-05-31 09:20:57'),
(70, 'Ewell', 'Krajcik', 'X156260031', '0958610565', '1957-01-27', 29424, '日本', '桃園市中壢區下興南246號15樓', 'https://avatars.githubusercontent.com/u/92053543', '20060306050', '2024-05-31 09:20:57', '2024-05-31 09:20:57'),
(71, 'Doug', 'Batz', 'M226014721', '0938884774', '1978-11-17', 46564, '', '宜蘭縣冬山鄉美和路１段473號15樓', 'https://avatars.githubusercontent.com/u/3982231', '20170106096', '2024-05-31 09:20:57', '2024-05-31 09:20:57'),
(72, 'Aubree', 'Swaniawski', 'E117644400', '0927772478', '1958-07-21', 27681, '日本', '臺南市南區興昌路39號7樓', 'https://cloudflare-ipfs.com/ipfs/Qmd3W5DuhgHirLHGVixi6V76LhCkZUz6pnFt5AJBiyvHye/avatar/1043.jpg', '20140603024', '2024-05-31 09:20:57', '2024-05-31 09:20:57'),
(73, 'Stefanie', 'Lemke', 'A174600026', '0937627613', '1993-11-22', 34446, '中南美洲', '屏東縣新園鄉聖心路91號13樓', 'https://cloudflare-ipfs.com/ipfs/Qmd3W5DuhgHirLHGVixi6V76LhCkZUz6pnFt5AJBiyvHye/avatar/408.jpg', '20000426021', '2024-05-31 09:20:57', '2024-05-31 09:20:57'),
(74, 'Derick', 'Hodkiewicz', 'U131308146', '0956234403', '1956-02-03', 27643, '', '嘉義縣水上鄉頂過溝19號16樓', 'https://avatars.githubusercontent.com/u/6934714', '20120917035', '2024-05-31 09:20:57', '2024-05-31 09:20:57'),
(75, 'Devin', 'Murray', 'K163386023', '0936238353', '1990-02-26', 23357, '中南美洲', '新北市新店區明山路346號11樓', 'https://cloudflare-ipfs.com/ipfs/Qmd3W5DuhgHirLHGVixi6V76LhCkZUz6pnFt5AJBiyvHye/avatar/1010.jpg', '20100605013', '2024-05-31 09:20:57', '2024-05-31 09:20:57'),
(76, 'Angelica', 'McKenzie', 'P154743764', '0924328827', '1967-03-15', 34255, '歐洲', '高雄市大寮區格致街142號16樓', 'https://avatars.githubusercontent.com/u/55297407', '20211109053', '2024-05-31 09:20:57', '2024-05-31 09:20:57'),
(77, 'Myah', 'Cummerata', 'B116276058', '0954344022', '1981-10-08', 28883, '日本', '臺南市白河區市場二巷461號', 'https://avatars.githubusercontent.com/u/44814062', '20220812007', '2024-05-31 09:20:57', '2024-05-31 09:20:57'),
(78, 'Remington', 'Waelchi', 'M146486178', '0986313187', '1999-05-26', 291, '日本', '臺北市中山區民生東路２段67號9樓', 'https://avatars.githubusercontent.com/u/70722923', '20010916080', '2024-05-31 09:20:57', '2024-05-31 09:20:57'),
(79, 'Brandt', 'Hodkiewicz', 'E135386312', '0960780012', '1959-03-26', 9101, '日本', '臺中市南屯區同安西巷452號18樓', 'https://avatars.githubusercontent.com/u/96048085', '20121106071', '2024-05-31 09:20:57', '2024-05-31 09:20:57'),
(80, 'Flavio', 'Okuneva', 'T150263330', '0952750321', '1987-06-01', 30962, '日本', '高雄市楠梓區後勁東路88號9樓', 'https://avatars.githubusercontent.com/u/53175773', '20131014068', '2024-05-31 09:20:57', '2024-05-31 09:20:57'),
(81, 'Carmine', 'Hartmann', 'U237063344', '0933345153', '1956-02-27', 2386, '中南美洲', '新北市永和區中正路283巷78號4樓', 'https://cloudflare-ipfs.com/ipfs/Qmd3W5DuhgHirLHGVixi6V76LhCkZUz6pnFt5AJBiyvHye/avatar/1238.jpg', '20011130049', '2024-05-31 09:20:57', '2024-05-31 09:20:57'),
(82, 'Demetrius', 'Schimmel', 'B135587263', '0937350176', '1988-02-18', 19017, '中南美洲', '嘉義縣阿里山鄉南阿里山90號17樓', 'https://avatars.githubusercontent.com/u/83950247', '20220114033', '2024-05-31 09:20:57', '2024-05-31 09:20:57'),
(83, 'Orville', 'Gutkowski', 'L250171672', '0936264352', '1960-11-10', 34838, '中南美洲', '臺中市清水區中清路８段886巷187號24樓', 'https://avatars.githubusercontent.com/u/1179251', '20010723045', '2024-05-31 09:20:57', '2024-05-31 09:20:57'),
(84, 'Fredrick', 'Hagenes', 'U188466539', '0927444121', '1991-10-23', 28937, '', '臺南市安定區油車188號15樓', 'https://cloudflare-ipfs.com/ipfs/Qmd3W5DuhgHirLHGVixi6V76LhCkZUz6pnFt5AJBiyvHye/avatar/568.jpg', '20070414042', '2024-05-31 09:20:57', '2024-05-31 09:20:57'),
(85, 'Aurelio', 'Wisoky', 'F213072705', '0934550444', '1950-02-28', 25372, '', '臺中市沙鹿區北勢東路494號6樓', 'https://cloudflare-ipfs.com/ipfs/Qmd3W5DuhgHirLHGVixi6V76LhCkZUz6pnFt5AJBiyvHye/avatar/802.jpg', '20061114012', '2024-05-31 09:20:57', '2024-05-31 09:20:57'),
(86, 'Chyna', 'Rempel', 'T214523453', '0970448733', '2000-09-28', 29921, '中南美洲', '高雄市左營區南屏路199之1號17樓', 'https://avatars.githubusercontent.com/u/61877056', '20020414064', '2024-05-31 09:20:57', '2024-05-31 09:20:57'),
(87, 'Gerson', 'Olson', 'V215422724', '0971725126', '1955-08-13', 34163, '日本', '臺北市大同區南京西路218號3樓', 'https://cloudflare-ipfs.com/ipfs/Qmd3W5DuhgHirLHGVixi6V76LhCkZUz6pnFt5AJBiyvHye/avatar/15.jpg', '20011215066', '2024-05-31 09:20:57', '2024-05-31 09:20:57'),
(88, 'Norbert', 'Gusikowski', 'U275202176', '0920373837', '1969-04-29', 14940, '', '臺南市安南區海東街482號18樓', 'https://avatars.githubusercontent.com/u/3551537', '20100815080', '2024-05-31 09:20:57', '2024-05-31 09:20:57'),
(89, 'Stanton', 'Auer', 'P200770726', '0923785422', '1963-01-21', 7802, '日本', '高雄市旗山區中洲路13號15樓', 'https://cloudflare-ipfs.com/ipfs/Qmd3W5DuhgHirLHGVixi6V76LhCkZUz6pnFt5AJBiyvHye/avatar/584.jpg', '20171213028', '2024-05-31 09:20:57', '2024-05-31 09:20:57'),
(90, 'Vaughn', 'Mann', 'P104836312', '0910061355', '1990-03-21', 3148, '日本', '高雄市小港區高坪三十九街309號21樓', 'https://avatars.githubusercontent.com/u/95864018', '20060727054', '2024-05-31 09:20:57', '2024-05-31 09:20:57'),
(91, 'Gabriella', 'Mohr', 'B162241812', '0927785803', '1954-12-24', 11507, '中南美洲', '臺中市大甲區東西六路１段312號', 'https://cloudflare-ipfs.com/ipfs/Qmd3W5DuhgHirLHGVixi6V76LhCkZUz6pnFt5AJBiyvHye/avatar/514.jpg', '20161103043', '2024-05-31 09:20:57', '2024-05-31 09:20:57'),
(92, 'Judd', 'Mosciski', 'V212646777', '0925607500', '1969-03-30', 23223, '日本', '臺北市大同區南京西路468號10樓', 'https://cloudflare-ipfs.com/ipfs/Qmd3W5DuhgHirLHGVixi6V76LhCkZUz6pnFt5AJBiyvHye/avatar/487.jpg', '20220719023', '2024-05-31 09:20:57', '2024-05-31 09:20:57'),
(93, 'Clair', 'Kessler', 'M117402784', '0931110837', '1953-08-23', 21145, '歐洲', '嘉義縣竹崎鄉東復興176號19樓', 'https://avatars.githubusercontent.com/u/69068954', '20220330014', '2024-05-31 09:20:57', '2024-05-31 09:20:57'),
(94, 'Brody', 'Metz', 'N131877113', '0915631402', '1983-05-14', 29443, '中南美洲', '新北市板橋區區運路69號13樓', 'https://cloudflare-ipfs.com/ipfs/Qmd3W5DuhgHirLHGVixi6V76LhCkZUz6pnFt5AJBiyvHye/avatar/943.jpg', '20070729050', '2024-05-31 09:20:57', '2024-05-31 09:20:57'),
(95, 'Margarett', 'Witting', 'J258063032', '0923083383', '1981-01-11', 2098, '日本', '嘉義縣中埔鄉和睦村公舘368號3樓', 'https://cloudflare-ipfs.com/ipfs/Qmd3W5DuhgHirLHGVixi6V76LhCkZUz6pnFt5AJBiyvHye/avatar/116.jpg', '20021204039', '2024-05-31 09:20:57', '2024-05-31 09:20:57'),
(96, 'Lucious', 'Hahn', 'X253676020', '0913437027', '1955-07-30', 11384, '', '臺東縣臺東市中山路223號24樓', 'https://cloudflare-ipfs.com/ipfs/Qmd3W5DuhgHirLHGVixi6V76LhCkZUz6pnFt5AJBiyvHye/avatar/931.jpg', '20180521058', '2024-05-31 09:20:57', '2024-05-31 09:20:57'),
(97, 'Jasmin', 'Renner', 'K242286548', '0919783345', '1966-08-13', 13255, '歐洲', '嘉義縣太保市和平路330號15樓', 'https://avatars.githubusercontent.com/u/21990914', '20030712003', '2024-05-31 09:20:57', '2024-05-31 09:20:57'),
(98, 'Priscilla', 'Luettgen', 'C136270759', '0955880676', '1957-01-13', 47373, '日本', '彰化縣彰化市虎崗路301號23樓', 'https://avatars.githubusercontent.com/u/71157000', '20051020075', '2024-05-31 09:20:57', '2024-05-31 09:20:57'),
(99, 'Werner', 'Olson', 'Z160874724', '0939248561', '2000-10-10', 36352, '', '金門縣金寧鄉嚨口371號21樓', 'https://cloudflare-ipfs.com/ipfs/Qmd3W5DuhgHirLHGVixi6V76LhCkZUz6pnFt5AJBiyvHye/avatar/320.jpg', '20130605030', '2024-05-31 09:20:57', '2024-05-31 09:20:57'),
(100, 'Dovie', 'Lynch', 'G164062118', '0963152282', '1981-03-23', 837, '中南美洲', '彰化縣永靖鄉北勢巷229號23樓', 'https://cloudflare-ipfs.com/ipfs/Qmd3W5DuhgHirLHGVixi6V76LhCkZUz6pnFt5AJBiyvHye/avatar/869.jpg', '20150802088', '2024-05-31 09:20:57', '2024-05-31 09:20:57');

-- --------------------------------------------------------

--
-- 資料表結構 `order`
--

CREATE TABLE `order` (
  `order_id` int(11) NOT NULL,
  `transaction_id` varchar(255) NOT NULL,
  `member_id` varchar(255) NOT NULL,
  `name` varchar(255) NOT NULL,
  `email` varchar(255) NOT NULL,
  `mobile` varchar(255) NOT NULL,
  `total_amount` int(11) DEFAULT NULL,
  `discount` int(11) DEFAULT NULL,
  `net_total` int(11) DEFAULT NULL,
  `shipping_method` varchar(255) NOT NULL,
  `country` varchar(255) DEFAULT NULL,
  `township` varchar(255) DEFAULT NULL,
  `shipping_address` varchar(255) DEFAULT NULL,
  `store_address` varchar(255) DEFAULT NULL,
  `store_id` varchar(255) DEFAULT NULL,
  `store_name` varchar(255) DEFAULT NULL,
  `payment_method` varchar(255) NOT NULL,
  `invoice_type` varchar(255) NOT NULL,
  `invoice_value` varchar(255) NOT NULL,
  `payment_status` varchar(255) DEFAULT NULL,
  `shipping_status` varchar(255) DEFAULT NULL,
  `order_status` varchar(255) DEFAULT NULL,
  `created_at` datetime NOT NULL,
  `updated_at` datetime NOT NULL
) ENGINE=InnoDB DEFAULT CHARSET=utf8 COLLATE=utf8_general_ci;

-- --------------------------------------------------------

--
-- 資料表結構 `order_detail`
--

CREATE TABLE `order_detail` (
  `detail_id` int(11) NOT NULL,
  `transaction_id` varchar(255) NOT NULL,
  `member_id` varchar(255) NOT NULL,
  `product_id` varchar(255) NOT NULL,
  `product_name` varchar(255) NOT NULL,
  `quantity` int(11) NOT NULL,
  `unit_price` int(11) NOT NULL,
  `created_at` datetime NOT NULL,
  `updated_at` datetime NOT NULL
) ENGINE=InnoDB DEFAULT CHARSET=utf8 COLLATE=utf8_general_ci;

-- --------------------------------------------------------

--
-- 資料表結構 `order_group`
--

CREATE TABLE `order_group` (
  `order_group_id` int(11) NOT NULL,
  `travel_id` int(11) DEFAULT NULL,
  `amount` int(11) DEFAULT NULL,
  `deposit` int(11) DEFAULT NULL,
  `deposit_date` datetime DEFAULT NULL,
  `final_payment` int(11) DEFAULT NULL,
  `final_payment_date` datetime DEFAULT NULL,
  `member_id` varchar(255) NOT NULL,
  `created_at` datetime NOT NULL,
  `updated_at` datetime NOT NULL
) ENGINE=InnoDB DEFAULT CHARSET=utf8 COLLATE=utf8_general_ci;

-- --------------------------------------------------------

--
-- 資料表結構 `order_status`
--

CREATE TABLE `order_status` (
  `status_id` int(11) NOT NULL,
  `transaction_id` varchar(255) NOT NULL,
  `payment_status` varchar(255) DEFAULT NULL,
  `shipping_status` varchar(255) DEFAULT NULL,
  `order_status` varchar(255) DEFAULT NULL,
  `created_at` datetime NOT NULL,
  `updated_at` datetime NOT NULL
) ENGINE=InnoDB DEFAULT CHARSET=utf8 COLLATE=utf8_general_ci;

-- --------------------------------------------------------

--
-- 資料表結構 `permission`
--

CREATE TABLE `permission` (
  `permission_id` int(11) NOT NULL,
  `role_id` varchar(50) DEFAULT NULL,
  `role_set` varchar(255) NOT NULL,
  `employees` varchar(255) DEFAULT NULL,
  `members` varchar(255) DEFAULT NULL,
  `points` varchar(255) DEFAULT NULL,
  `itinerary` varchar(255) DEFAULT NULL,
  `orders` varchar(255) DEFAULT NULL,
  `products` varchar(255) DEFAULT NULL,
  `form` varchar(255) DEFAULT NULL
) ENGINE=InnoDB DEFAULT CHARSET=utf8mb4 COLLATE=utf8mb4_general_ci;

--
-- 傾印資料表的資料 `permission`
--

INSERT INTO `permission` (`permission_id`, `role_id`, `role_set`, `employees`, `members`, `points`, `itinerary`, `orders`, `products`, `form`) VALUES
(1, 'admin', 'C,R,U,D', 'C,R,U,D', 'C,R,U,D', 'C,R,U,D', 'C,R,U,D', 'C,R,U,D', 'C,R,U,D', 'C,R,U,D'),
(2, 'customer_service', 'R', '', 'C,R,U', 'C,R,U,D', 'R,U,D', 'C,R,U', 'R', 'R'),
(3, 'manager', 'C,R,U', 'C,R,U,D', 'C,R,U', 'C,R,U,D', 'C,R,U', 'C,R,U', 'C,R,U,D', 'C,R,U,D'),
(4, 'staff', 'R', 'R,U', 'R,U', 'C,R,U', 'C,R,U', 'C,R,U', 'C,R,U', 'C,R,U'),
(5, 'user', '', '', '', 'R', 'R', 'R', 'R', 'R');

-- --------------------------------------------------------

--
-- 資料表結構 `product`
--

CREATE TABLE `product` (
  `id` int(100) NOT NULL,
  `picture` varchar(100) NOT NULL,
  `product_id` varchar(100) NOT NULL,
  `product` varchar(100) NOT NULL,
  `price` int(100) NOT NULL,
  `type` varchar(100) NOT NULL,
  `description` text NOT NULL
) ENGINE=InnoDB DEFAULT CHARSET=utf8mb4 COLLATE=utf8mb4_general_ci;

--
-- 傾印資料表的資料 `product`
--

INSERT INTO `product` (`id`, `picture`, `product_id`, `product`, `price`, `type`, `description`) VALUES
(1, '/product_pics/01.jpg', 'product_01', '旅遊質感行李吊牌', 199, '旅遊必帶', '環保、自然，回到原點、以人為本。在設計上都是簡潔大方、材質上都是能夠重複使用，希望出遊一趟，除了美好的回憶，不再產生對地球不友善的物質或行為。'),
(2, '/product_pics/02.png', 'product_02', '帆布行李束箱帶', 249, '旅遊必帶', '環保、自然，回到原點、以人為本。在設計上都是簡潔大方、材質上都是能夠重複使用，希望出遊一趟，除了美好的回憶，不再產生對地球不友善的物質或行為。'),
(3, '/product_pics/03.jpg', 'product_03', '帆布拉鍊袋', 199, '旅遊必帶', '環保、自然，回到原點、以人為本。在設計上都是簡潔大方、材質上都是能夠重複使用，希望出遊一趟，除了美好的回憶，不再產生對地球不友善的物質或行為。'),
(4, '/product_pics/04.jpg', 'product_04', '男女款滑雪外套', 9990, '冬季旅遊', ' 重　　量：937g 防水防風＆透氣透濕 外　層：MOTRANS 　　　【耐水度】10000 mmH2O or higher(JIS L 1092) 　　　【透濕度】8000 g/㎡ 24h or higher(JIS L1099 B-1) '),
(5, '/product_pics/05.jpg', 'product_05', '防水滑雪手套(併指)', 1380, '冬季旅遊', '拉鍊有膠條防水保護 Primaloft 保暖、快乾、透氣 外層小口袋可放置零錢、票卡等小物手腕掛手繩設計,避免手套脫落遺失硬泡棉可保護手指關節'),
(6, '/product_pics/06.jpg', 'product_06', '機能保暖滑雪襪 ', 680, '冬季旅遊', '台灣自創品牌 - 銀離子纖維吸濕排汗、抗菌除臭、調節溫度 - 脛骨加厚織法、保護腿部肌肉 - 腳背加壓足弓拉提保護 - 兩種尺寸：小 (22cm-25cm) / 大 (25.5cm-28.5cm)'),
(7, '/product_pics/07.png', 'product_07', '防水滑雪手套 三指 ', 1580, '冬季旅遊', '拉鍊有膠條防水保護\n- Primaloft 保暖、快乾、透氣\n- 外層小口袋可放置零錢、票卡等小物\n- 手腕掛手繩設計，避免手套脫落遺失\n- 硬泡棉可保護手指關節\n'),
(8, '/product_pics/08.jpg', 'product_08', '鋪棉帽寬衣', 1880, '冬季旅遊', '街頭百搭 素面 加絨 連帽T恤 材質: 純棉 + 聚酯纖維'),
(9, '/product_pics/09.jpg', 'product_09', '強效運動款足墊', 2880, '保健用品', '擁有專利的3DBS動態足弓支撐，提供足弓如拱橋般的支撐。依不同足弓高低設計，硬中帶軟的材質可動態靈活調整，自然回彈又不僵硬，分散足底壓力，降低足部額外的負擔。\n\n'),
(10, '/product_pics/10.jpg', 'product_10', '3C隨身收納包', 288, '旅遊必帶', '雙層空間,告別凌亂,魔術貼開合設計,便攜式手提設計'),
(11, '/product_pics/11.jpg', 'product_11', '真空分裝瓶', 30, '旅遊必帶', '\n產品名稱：真空分裝瓶\n產品材質：AS+PP\n產品款式：乳液瓶 / 噴霧瓶\n'),
(12, '/product_pics/12.jpg', 'product_12', '旅行漱口杯', 59, '旅遊必帶', '盥洗收納 超方便 旅行、出差必備體積小 大容量 不佔空間造型簡約 低調時尚多種款式選項顏色 '),
(13, '/product_pics/13.jpg', 'product_13', '多功能護照套', 179, '旅遊必帶', '出國旅行最重要的護照機票 ,等等還找不到收納它們合適的家嗎,怕自己的卡被盜刷提心吊膽嗎,旅遊必備「防盜刷多功能護照套」'),
(14, '/product_pics/14.jpg', 'product_14', '大容量行李箱 ', 2990, '旅遊必帶', '1.側邊金屬包角防護設計，讓行李箱更堅固耐用。\n2.釋放雙手多功能設計:隱藏式杯架、防刮腳墊+購物袋掛鉤、USB充電孔。\n3.分層設計好收納。\n4.TPE靜音雙排萬向輪。\n5.加厚鋁合金拉桿。\n6.三位密碼鎖。 '),
(15, '/product_pics/15.jpg', 'product_15', '行李秤', 199, '旅遊必帶', '整體尺寸：129x43x28mm\n裸重：約95g\n電源：紐扣電池一個\n顯示方式：LCD綠光顯示幕\n單位：kg lb\n最大稱量：50kg'),
(16, '/product_pics/16.jpeg', 'product_16', '隨身藥盒', 99, '旅遊必帶', '產品材質 : 環保PP材質\n產品功能 : 分隔設計 密封儲藏\n產品顏色 : 藍紅色 / 黃粉色 / 灰白色'),
(17, '/product_pics/17.jpg', 'product_17', '一次性床單', 199, '旅遊必帶', '名稱：一次性旅行用品\n規格：毛巾\\浴巾\\枕套\\床單\\被套\n材質：植物纖維\n特點：加厚加大\\獨立包裝\\植物纖維\n'),
(18, '/product_pics/18.jpg', 'product_18', '真空壓縮袋', 69, '旅遊必帶', '材質； PA+PE材質\n單層厚度； 8絲 \n適用場景；臥室 衣櫃 宿舍 旅行\n風格；現代 簡約 '),
(19, '/product_pics/19.jpg', 'product_19', '盥洗收納包', 199, '旅遊必帶', '掛勾版 盥洗收納  一進飯店或民宿 \n就可以直接把小物通通就定位,網狀的隔層~基本防水的尼龍材質'),
(20, '/product_pics/20.jpg', 'product_20', '大容量登機包', 250, '旅遊必帶', '便攜式手提旅行包\n大容量設計 日常出行物品都能裝下\n側邊網格袋 可放置水杯雨傘等物件\n堅固耐用、承重性強\n前端拉鍊口袋 可放護照、行動電源\n'),
(21, '/product_pics/21.jpg', 'product_21', '簡約化妝包', 99, '旅遊必帶', '超大容量｜外出補妝必備物品一次收齊\n精緻拉環｜質感皮質雙拉環 開關更便利\n防水設計｜防潑水尼龍材質 有效保護內容物\n小巧體積｜旅遊攜帶不佔空間 超好用\n優選材質｜耐磨耐用 不易損壞'),
(22, '/product_pics/22.jpg', 'product_22', '合利EXP ', 765, '保健用品', '保健補品功能\n心臟&血壓, 維生素&礦物質, 營養食品&飲料, 壓力、睡眠及焦慮\n營養成分分類\n維生素B, 維生素E\n產地日本'),
(23, '/product_pics/23.jpg', 'product_23', '緩釋型維他命C', 280, '保健用品', '4種族群加強補充維生素C攝取：\n1.習慣挑食、常吃零食、炸物、燒烤食物的人\n2.抽菸、處在二手煙環境的人。\n3.國民健康署建議孕婦每日多補充10mg維生素C、哺乳中媽媽多40mg維生素C。\n4.生活步調繁忙可額外補充維生素Ｃ。'),
(24, '/product_pics/24.jpg', 'product_24', '日本上網卡', 499, '旅行必帶', '套餐內容  吃到飽不降速\n原生卡依【日本時間】計算， 其他卡片均為【台灣時間】計算，插卡日到當天23:59算第一天，到連續最後一天晚上23:59失效。\n網卡皆支援4G(LTE) 訊號，若地區、手機不支援4G(LTE)，將自動切換3G、2G訊號，皆以當地訊號為主。\n'),
(25, '/product_pics/25.jpg', 'product_25', '多功能行動電源', 1780, '旅行必帶', 'QC/PD3.0雙協議快充 22.5W大功率快速充電\n2種自帶線＋雙口輸出＋磁吸無線充電，最高支援五台設備同時\n充電\n隱藏式手機支架 LED電量顯示 充電狀態顯示 90度旋轉收\n納插頭\n全方位安全機制保護(過充保護、短路保護、電芯保護)\n');

-- --------------------------------------------------------

--
-- 資料表結構 `products`
--

CREATE TABLE `products` (
  `id` int(100) NOT NULL,
  `picture` text NOT NULL,
  `product_Id` varchar(100) NOT NULL,
  `product` varchar(100) NOT NULL,
  `price` varchar(100) NOT NULL,
  `title` varchar(100) NOT NULL,
  `description` varchar(100) NOT NULL
) ENGINE=InnoDB DEFAULT CHARSET=utf8mb4 COLLATE=utf8mb4_general_ci;

--
-- 傾印資料表的資料 `products`
--

INSERT INTO `products` (`id`, `picture`, `product_Id`, `product`, `price`, `title`, `description`) VALUES
(1, '/01.jpg', 'product_01', '旅遊質感行李吊牌', '199', '隨身小物 旅遊必帶', '環保、自然，回到原點、以人為本。在設計上都是簡潔大方、材質上都是能夠重複使用，希望出遊一趟，除了美好的回憶，不再產生對地球不友善的物質或行為。'),
(2, '/02.png', 'product_02', '帆布行李束箱帶', '249', '隨身小物  旅遊必帶', '環保、自然，回到原點、以人為本。在設計上都是簡潔大方、材質上都是能夠重複使用，希望出遊一趟，除了美好的回憶，不再產生對地球不友善的物質或行為。'),
(3, '/03.jpg', 'product_03', '帆布拉鍊袋', '199', '隨身小物  旅遊必帶', '環保、自然，回到原點、以人為本。在設計上都是簡潔大方、材質上都是能夠重複使用，希望出遊一趟，除了美好的回憶，不再產生對地球不友善的物質或行為。'),
(4, '/04.jpg', 'product_04', '男女款滑雪外套', '9990', '冬季旅遊 滑雪', '產品編號：G11711P 重　　量：937g 防水防風＆透氣透濕 外　層：MOTRANS 　　　【耐水度】10000 mmH2O or higher(JIS L 1092) 　　　【透濕度】8000 '),
(5, '/05.jpg', 'product_05', '防水滑雪手套(併指)', '1380', '冬季旅遊 滑雪', '拉鍊有膠條防水保護 Primaloft 保暖、快乾、透氣 外層小口袋可放置零錢、票卡等小物手腕掛手繩設計,避免手套脫落遺失硬泡棉可保護手指關節'),
(6, '/06.jpg', 'product_06', '機能保暖滑雪襪 ', '680', '冬季旅遊 滑雪 保暖配件', '台灣自創品牌 - 銀離子纖維吸濕排汗、抗菌除臭、調節溫度 - 脛骨加厚織法、保護腿部肌肉 - 腳背加壓足弓拉提保護 - 兩種尺寸：小 (22cm-25cm) / 大 (25.5cm-28.5cm)'),
(7, '/07.png', 'product_07', '防水滑雪手套 三指 ', '1580', '冬季旅遊 滑雪', '拉鍊有膠條防水保護\n- Primaloft 保暖、快乾、透氣\n- 外層小口袋可放置零錢、票卡等小物\n- 手腕掛手繩設計，避免手套脫落遺失\n- 硬泡棉可保護手指關節\n'),
(8, '/08.jpg', 'product_08', '鋪棉帽寬衣', '1880', '冬季旅遊', '街頭百搭 素面 加絨 連帽T恤 材質: 純棉 + 聚酯纖維'),
(9, '/09.jpg', 'product_09', '強效運動款足墊', '2880', '保健 生活用品', 'FOOTDISC擁有專利的3DBS動態足弓支撐，提供足弓如拱橋般的支撐。依不同足弓高低設計，硬中帶軟的材質可動態靈活調整，自然回彈又不僵硬，分散足底壓力，降低足部額外的負擔。\nhttps://www.'),
(10, '/10.jpg', 'product_10', '3C隨身收納包', '288', '收納 3C 方便', '雙層空間,告別凌亂,魔術貼開合設計,便攜式手提設計'),
(11, '/11.jpg', 'product_11', '真空分裝瓶', '30', '空白分裝瓶', '\n產品名稱：真空分裝瓶\n產品材質：AS+PP\n產品款式：乳液瓶 / 噴霧瓶\n尺寸：15ml   = 100mm x 33mm 30ml   = 119mm x 33mm  50ml   = 153mm'),
(12, '/12.jpg', 'product_12', '旅行漱口杯', '59', '一杯兩用 一秒變雙杯 ', '盥洗收納 超方便 旅行、出差必備體積小 大容量 不佔空間造型簡約 低調時尚多種款式選項顏色 '),
(13, '/13.jpg', 'product_13', '多功能護照套', '179', 'RFID防盜刷', '出國旅行最重要的護照機票 ,等等還找不到收納它們合適的家嗎,怕自己的卡被盜刷提心吊膽嗎,旅遊必備「防盜刷多功能護照套」'),
(14, '/14.jpg', 'product_14', '大容量行李箱 ', '2990', '防撞耐用 20 24 28吋', '1.側邊金屬包角防護設計，讓行李箱更堅固耐用。\n2.釋放雙手多功能設計:隱藏式杯架、防刮腳墊+購物袋掛鉤、USB充電孔。\n3.分層設計好收納。\n4.TPE靜音雙排萬向輪。\n5.加厚鋁合金拉桿。\n6.三'),
(15, '/15.jpg', 'product_15', '行李秤', '199', '出國必備  旅行秤', '整體尺寸：129x43x28mm\n裸重：約95g\n電源：紐扣電池一個\n顯示方式：LCD綠光顯示幕\n單位：kg lb\n最大稱量：50kg'),
(16, '/16.jpeg', 'product_16', '隨身藥盒', '99', '藥品分類盒 ', '產品材質 : 環保PP材質\n產品功能 : 分隔設計 密封儲藏\n產品顏色 : 藍紅色 / 黃粉色 / 灰白色'),
(17, '/17.jpg', 'product_17', '一次性床單', '199', '出差飯店隔髒', '名稱：一次性旅行用品\n規格：毛巾\\浴巾\\枕套\\床單\\被套\n材質：植物纖維\n特點：加厚加大\\獨立包裝\\植物纖維\n'),
(18, '/18.png', 'product_18', '真空壓縮袋', '69', '衣物 收納袋', '材質； PA+PE材質\n單層厚度； 8絲 \n適用場景；臥室 衣櫃 宿舍 旅行\n風格；現代 簡約 '),
(19, '/19.jpg', 'product_19', '盥洗收納包', '199', '旅行必備 盥洗收納 ', '掛勾版 盥洗收納  一進飯店或民宿 \n就可以直接把小物通通就定位,網狀的隔層~基本防水的尼龍材質'),
(20, '/20.jpg', 'product_20', '大容量登機包', '250', '拉桿包 手提袋', '便攜式手提旅行包\n大容量設計 日常出行物品都能裝下\n側邊網格袋 可放置水杯雨傘等物件\n堅固耐用、承重性強\n前端拉鍊口袋 可放護照、行動電源\n便捷省心且取放方便\n可套上行李箱拉桿 一拖就走'),
(21, '/21.jpg', 'product_21', '簡約化妝包', '99', '補妝  旅行收納', '超大容量｜外出補妝必備物品一次收齊\n精緻拉環｜質感皮質雙拉環 開關更便利\n防水設計｜防潑水尼龍材質 有效保護內容物\n小巧體積｜旅遊攜帶不佔空間 超好用\n優選材質｜耐磨耐用 不易損壞'),
(22, '/22.jpg', 'product_22', '合利EXP ', '765', '270錠 維生素B1.B6.B12', '保健補品功能\n心臟&血壓, 維生素&礦物質, 營養食品&飲料, 壓力、睡眠及焦慮\n營養成分分類\n維生素B, 維生素E\n產地日本'),
(23, '/23.jpg', 'product_23', '緩釋型維他命C', '280', '長效12小時', '4種族群加強補充維生素C攝取：\n1.習慣挑食、常吃零食、炸物、燒烤食物的人\n2.抽菸、處在二手煙環境的人。\n3.國民健康署建議孕婦每日多補充10mg維生素C、哺乳中媽媽多40mg維生素C。\n4.生活步'),
(24, '/24.png', 'product_24', '日本上網卡', '499', '5日 吃到飽 不降速', '套餐內容  吃到飽不降速\n原生卡依【日本時間】計算， 其他卡片均為【台灣時間】計算，插卡日到當天23:59算第一天，到連續最後一天晚上23:59失效。\n網卡皆支援4G(LTE) 訊號，若地區、手機不支'),
(25, '/25.jpg', 'product_25', '多功能行動電源', '1780', '快充磁吸自帶線', 'QC/PD3.0雙協議快充 22.5W大功率快速充電\n2種自帶線＋雙口輸出＋磁吸無線充電，最高支援五台設備同時\n充電\n隱藏式手機支架 LED電量顯示 充電狀態顯示 90度旋轉收\n納插頭\n全方位安全機制');

-- --------------------------------------------------------

--
-- 資料表結構 `role_set`
--

CREATE TABLE `role_set` (
  `role_id` varchar(50) NOT NULL,
  `role_ch` varchar(255) DEFAULT NULL,
  `role_en` varchar(255) DEFAULT NULL,
  `description` text DEFAULT NULL,
  `created_at` timestamp NOT NULL DEFAULT current_timestamp()
) ENGINE=InnoDB DEFAULT CHARSET=utf8mb4 COLLATE=utf8mb4_general_ci;

--
-- 傾印資料表的資料 `role_set`
--

INSERT INTO `role_set` (`role_id`, `role_ch`, `role_en`, `description`, `created_at`) VALUES
('admin', '管理員', 'Administrator', '系統管理員', '2024-05-03 01:30:05'),
('customer_service', '客服人員', 'Customer Service', '客戶服務人員', '2024-05-03 01:30:05'),
('manager', '經理', 'Manager', '部門經理', '2024-05-03 01:30:05'),
('staff', '員工', 'Staff', '一般員工', '2024-05-03 01:30:05'),
('user', '使用者', 'User', '一般使用者', '2024-05-03 01:30:05');

-- --------------------------------------------------------

--
-- 資料表結構 `speech_list`
--

CREATE TABLE `speech_list` (
  `sid` int(10) NOT NULL COMMENT '起頭序號',
  `group_id` varchar(4) NOT NULL COMMENT '團體行程ID',
  `speechtime` timestamp NOT NULL DEFAULT current_timestamp() ON UPDATE current_timestamp() COMMENT '講座時間',
  `speechplace` varchar(40) NOT NULL COMMENT '講座地點',
  `speechtell` varchar(15) NOT NULL COMMENT '電話',
  `speechname` varchar(15) NOT NULL COMMENT '講師',
  `speechpeoplelimit` varchar(4) NOT NULL COMMENT '人數上限',
  `country` varchar(40) NOT NULL COMMENT '國家',
  `introduction` varchar(1000) NOT NULL COMMENT '介紹'
) ENGINE=InnoDB DEFAULT CHARSET=utf8mb4 COLLATE=utf8mb4_general_ci;

--
-- 傾印資料表的資料 `speech_list`
--

INSERT INTO `speech_list` (`sid`, `group_id`, `speechtime`, `speechplace`, `speechtell`, `speechname`, `speechpeoplelimit`, `country`, `introduction`) VALUES
(1, '1', '2024-01-14 10:30:00', '台北市內湖區洲子街72號一樓', '02-66041913', '游國珍', '30', '南極', '包艘船 圓夢南極地球上的最後一塊淨土–南極，是旅人的最終夢想。但是對大多數人來說，遙遠的距離、惡劣的天候、語言的隔閡，都讓旅人難以企及。2023年，以包船的方式，安排日月合朔號，帶領200位台灣人遠征南極。2024年，進一步包下更新、更大、更豪華的Seabourn Pursuit 南極追夢號，這一次，對台灣人來說，南極不再是一趟艱辛、遙遠的旅途。以2023.08下水的Seabourn旗艦船--南極追夢號款待貴賓，從台灣出發、全程安排中文領隊，讓您以最舒適奢華的行程，成就人生壯遊！想了解南極有什麼獨特生態、旅遊行程資訊或是郵輪相關細節嗎？歡迎各位親臨講座，由2024年初才從南極返台的元本旅遊董事長游國珍為您揭開南極旅遊的小秘密！'),
(2, '2', '2024-01-10 10:30:00', '台北市內湖區洲子街72號一樓', '02-66041914', '歐洲旅遊達人Daniel', '30', '葡萄牙', '提到葡萄牙這個國家，可能大部分的人首先會聯想到足球明星C羅。但是你可能不知道葡萄牙不但是大航海時代的初代全球霸權，還是全世界第一個廢除吸毒刑事處罰的國家，更是全球一半的軟木塞的出產國。\r\n葡萄牙到底還有哪些歷史、文化、美食、景點故事，就讓歐洲達人Daniel為您一一道來。'),
(3, '3', '2023-12-05 02:30:00', '台北市內湖區洲子街72號一樓', '02-66041915', '歐洲旅遊達人Daniel', '30', '法國', '融合了奔跑的激情與紅酒的醇香，波爾多梅鐸紅酒馬拉松不僅是一場馬拉松，也是探索法國波爾多深厚葡萄酒文化的絕佳機會。這個獨一無二的活動將帶領你穿越波爾多最美麗的葡萄園經過各大酒莊的補給，在賽道上享受美酒和當地美食。\r\n從波爾多的古老街道到巴塞隆納的現代藝術，帶您體驗西南法、巴塞隆納最精彩的面貌，法國和西班牙的豐富文化、絕美景致和令人難忘的旅遊體驗。'),
(4, '4', '2023-11-22 06:30:00', '台北市內湖區洲子街72號一樓', '02-66041916', '歐洲旅遊達人Daniel', '30', '法國', '南法最美法國里維埃拉-蔚藍海岸，濃郁飄香南法普羅旺斯山城小鎮、南法最美村莊-山居歲月法式優雅生活哲學，世界文化遺產聖艾米濃中世紀小鎮葡萄酒產區濃濃酒香，羅亞爾河城堡區值不值得入住?住宿古蹟城堡一晚，法國旅遊還有什麼可以看？快來跟著元本旅遊規劃師一起神遊法國吧！'),
(5, '5', '2023-09-17 09:30:00', '台北市內湖區洲子街72號一樓', '02-66041917', '柯彩雲 Tessa', '30', '摩洛哥', '《北非諜影》與撒哈拉歲月，1942年電影《北非諜影》(Casablanca)一句經典對白「Here\'s looking at you, kid.」，代表永誌不忘，無比深情，這是瑞克對伊莎愛的承諾，無論身處何方，他的心都留在伊莎身上。從此，世界變對北非摩洛哥充滿了憧憬。\r\n30年後在三毛的內心深處，撒哈拉沙漠是夢中情人，是不能解釋，只屬於前世回憶的鄉愁，她毫無保留地把自己交給了那一片陌生的大地，譜出屬於自己的撒哈啦歲月。\r\n與你一同打開摩洛哥愛的篇章，找到屬於你的撒哈拉歲月。'),
(6, '6', '2023-11-01 09:30:00', '台北市內湖區洲子街72號一樓', '02-66041918', '游國珍', '30', '阿根廷', '夢想清單實現者，持續規劃許多旅人一生必遊的夢幻行程，為了讓旅客夢想清單實現後，能夠透過出版將這趟遊程的感動記錄下來，我們與秀威出版合作，徵求團員成為共同作者。在2023年11月我們出版了《追夢到秘魯》、《追夢到古巴》兩本夢想清單遊記書，堪稱業界創舉。2024年2月，我們將舉辦《追夢阿根廷》的新書發表暨交流會，歡迎對阿根廷有興趣的朋友們，報名參加這場活動，聽聽這些從素人成為作家的旅人們的精彩心得。'),
(7, '7', '2023-10-13 10:00:00', '台北市內湖區洲子街72號一樓', '02-66041919', 'Carol（汪淑媛）', '30', '古巴', '自古以來, 酒記載著各文明歷史。這趟旅程一起去拜訪古巴的蘭姆酒、雪茄、音樂 ! 而古巴的街景讓人一秒回到 60 年代, 來到這個位處加勒比海上的社會主義國家, 亦不能錯過探索古巴的革命歷史及世界遺產城市。'),
(8, '8', '2023-10-19 09:00:00', '台中市綠川西街85號10樓', '02-66041919', '蘇昭旭', '30', '日本', '登山鐵路是日本鐵道獨特的精彩，邀請您來參與具代表性的登山鐵路精采體驗，包含日本坡度最陡的箱根登山鐵道、齒輪式鐵路的井川線登山鐵道，讓您搭火車登高望遠，環顧四野，體驗登山鐵路之美！我們也安排日本傳統輕軌電車，親臨湘南江之島，看看傳說中灌籃高手平交道。\r\n\r\n您有聽過日本最有名的奧大井湖上站嗎？火車站矗立在湖中，其實在大井川鐵路。您可記得電影佐賀的阿嬤，廣島站的母子別離，還有電影鐵道員的蒸汽機車，佐藤乙松與仙次的師徒之情，其實場景也在大井川鐵路。大井川鐵道的蒸汽火車，激煙奔馳，蒸汽火車動態接觸與親身體驗，讓您對蒸汽火車的愛戀徹底引爆！'),
(9, '9', '2023-08-29 09:30:00', '台中市綠川西街85號10樓', '02-66041920', '蘇昭旭', '30', '奧地利', '您知道世界上第一條鐵道世界文化遺產是在奧地利嗎？\r\n\r\n 1848年，奧地利工程師卡爾·里特爾·馮·蓋加，在尤利安阿爾卑斯山北邊開始動工，他的堅持和毅力，克服萬難，建造出人類第一條登山鐵道，完成不可能的任務，1854年通車，這就是薩瑪林鐵路的傳奇。1998年被聯合國教科文組織列為世界文化遺產，是全世界第一條鐵路世界遺產。\r\n\r\n 將近150年之後，我們請對全球登山鐵道有深度研究的蘇昭旭老師，搭火車重返奧地利這條鐵路的歷史現場，讓您感受前所未有的知識震撼。除了奧地利，我們還去前東德地區，薩克森王國，還有捷克，波西米亞地區，用歷史故事，鋪陳火車鐵道的歷史路徑，參觀鐵道博物館，搭乘蒸汽火車，欣賞阿爾卑斯山的壯麗美景，體驗東歐鐵道旅遊的獨特風情。\r\n\r\n 華人著作首屈一指的鐵道學者蘇昭旭老師，引領您進入歐洲的鐵道歷史，瞭解東歐的歷史與文化，讓我們一同體驗，探索歐洲鐵道的深度之旅。'),
(10, '10', '2023-10-24 05:30:00', '台北市內湖區洲子街72號一樓', '02-66041921', '黃忠勤（法國國家藝術導覽員）', '30', '法國', '南法最美法國里維埃拉-蔚藍海岸，濃郁飄香南法普羅旺斯山城小鎮、南法最美村莊-山居歲月法式優雅生活哲學，世界文化遺產聖艾米濃中世紀小鎮葡萄酒產區濃濃酒香，羅亞爾河城堡區值不值得入住?住宿古蹟城堡一晚，法國旅遊還有什麼可以看？快來跟著元本旅遊規劃師一起神遊法國吧！'),
(11, '11', '2023-11-03 07:30:00', '台北市內湖區洲子街72號一樓', '02-66041922', 'Carol（汪淑媛）', '30', '摩洛哥', '摩洛哥位於北非，歷史上是阿拉伯帝國疆土最西端的領土。今日是一處可同時一窺伊斯蘭文化及歐洲風情的國家，不僅有世界遺產老城、更有撒哈拉沙漠風情 !\r\n\r\n 《北非諜影》與撒哈拉歲月，1942年電影《北非諜影》(Casablanca)一句經典對白「Here\'s looking at you, kid.」，代表永誌不忘，無比深情，這是瑞克對伊莎愛的承諾，無論身處何方，他的心都留在伊莎身上。從此，世界變對北非摩洛哥充滿了憧憬。\r\n\r\n 30年後在三毛的內心深處，撒哈拉沙漠是夢中情人，是不能解釋，只屬於前世回憶的鄉愁，她毫無保留地把自己交給了那一片陌生的大地，譜出屬於自己的撒哈啦歲月。\r\n\r\n 讓元本旅遊與你一同打開摩洛哥愛的篇章，找到屬於你的撒哈拉歲月。'),
(12, '12', '2023-10-23 08:30:00', '台北市內湖區洲子街72號一樓', '02-66041923', 'Carol（汪淑媛）', '30', '伊比利半島', '伊比利半島系列講座~伊比利世界遺產 !\r\n\r\n伊比利半島錯綜複雜的歷史文化，蘊藏豐富的世界遺產數量高達 66 處！\r\n\r\n兩萬多年前的舊石器時代藝術露天岩壁畫遺址；\r\n\r\n西元一世紀羅馬時代的歷史古城；\r\n\r\n西元八世紀阿拉伯帝國時代的伊斯蘭文化；\r\n\r\n西元十五世紀大航海時代的歷史見證；\r\n\r\n這趟旅程一起隨著世界遺產去拜訪葡萄牙 & 西班牙 '),
(13, '13', '2023-12-20 09:00:00', '高雄市新興區民生一路56號B1-1', '02-66041924', '游國珍', '30', '南極', '地球上的最後一塊淨土–南極，是旅人的最終夢想。但是對大多數人來說，遙遠的距離、惡劣的天候、語言的隔閡，都讓旅人難以企及。\r\n\r\n 2023年，元本旅遊以包船的方式，安排日月合朔號，帶領200位台灣人遠征南極。\r\n\r\n 2024年，元本旅遊進一步包下更新、更大、更豪華的Seabourn Pursuit 南極追夢號，這一次，對台灣人來說，南極不再是一趟艱辛、遙遠的旅途。元本旅遊以2023.08下水的Seabourn旗艦船--南極追夢號款待貴賓，從台灣出發、全程安排中文領隊，讓您以最舒適奢華的行程，成就人生壯遊！\r\n\r\n想了解南極有什麼獨特生態、旅遊行程資訊或是郵輪相關細節嗎？\r\n\r\n歡迎各位親臨講座，由2024年初才從南極返台的元本旅遊董事長游國珍為您揭開南極旅遊的小秘密！'),
(14, '14', '2023-12-28 10:30:00', '台南市中西區衛民街67-1號', '02-66041925', '游國珍', '30', '南極', '地球上的最後一塊淨土–南極，是旅人的最終夢想。但是對大多數人來說，遙遠的距離、惡劣的天候、語言的隔閡，都讓旅人難以企及。\r\n\r\n 2023年，元本旅遊以包船的方式，安排日月合朔號，帶領200位台灣人遠征南極。\r\n\r\n 2024年，元本旅遊進一步包下更新、更大、更豪華的Seabourn Pursuit 南極追夢號，這一次，對台灣人來說，南極不再是一趟艱辛、遙遠的旅途。元本旅遊以2023.08下水的Seabourn旗艦船--南極追夢號款待貴賓，從台灣出發、全程安排中文領隊，讓您以最舒適奢華的行程，成就人生壯遊！\r\n\r\n想了解南極有什麼獨特生態、旅遊行程資訊或是郵輪相關細節嗎？\r\n\r\n歡迎各位親臨講座，由2024年初才從南極返台的元本旅遊董事長游國珍為您揭開南極旅遊的小秘密！'),
(15, '15', '2023-09-25 10:00:00', '高雄市新興區民生一路56號B1-1', '02-66041926', '玩美南人Eric／苗啟誠', '30', '秘魯', '秘魯是全世界最富觀光資源的國家之一，考古學家心目中的黃金國度，也是世界公認的旅遊天堂，更是多年來蟬聯台灣人最喜愛旅遊的拉丁美洲國家第一名，其中最令人嚮往的景點莫過於在1983年被選為世界自然及文化雙重遺產，在2007年被列入全球七大奇觀之一，被稱作「天空之城」的馬丘比丘。\r\n\r\n 然而馬丘比丘在考古學上名堂響亮，對於它的歷史及認知卻是少之又少。印加文化裡沒有文字，歷史全憑獨特的繩結記下並口述流傳，沒有任何記載。它像是一個百分百的迷城，在沒有鐵制工具，沒有牛馬，沒有車輪知識的年代裡，忽然在地球上出現的一座古城。它的真正歷史、用途和為何人去城空至今仍未有定論…\r\n\r\n 而位於南太平洋的波利尼西亞卻屬於南美洲的智利，復活節島是世界上最與世隔絕也最遙遠的島嶼之一。1722年由荷蘭一支艦隊在復活節當日發現，船長在航海圖上用筆記下了這個島的位置並寫下“復活節島”，此名因而被世人所知。\r\n\r\n復活節島以其分布在海濱沿線大約1000尊的巨型摩埃石像聞名於世並吸引著各國的觀光客和考古學家。這座島有太多不解之謎：為什麼會有人到這座島上？這些人的祖先是誰？為何以及如何雕刻出如此眾多這些巨石像？如何搬運這些摩埃？考古學家們有多種說法，甚至島上的居民也說不清楚…\r\n\r\n 被稱為「世界的屋頂」的玻利維亞坐落在高原之上，這片土地上古老的文明和多采多姿的動物生態、白雪覆頂的安地斯山脈、令人醉心的鹽湖、和繁茂的亞馬遜雨林都是玻利維亞特有的大自然瑰寶，殖民時期的遺風和原住民的文化更是讓人目不暇給，玻利維亞的風光之美，讓人為之屏息。其中海拔近3,700公尺的烏尤尼如同沙漠中的天堂，滿地純白的鹽漠加上雨後沉積的些許雨水，逐漸形成世界上面積最大的鹽湖，約為1/3的台灣大小；在艷陽的照射下，一片白雲藍天讓人看不到邊界，每年12到3月，是當地的雨季，水面反射猶如一大片上帝的鏡子，也成為世人眼裡最荒蕪、最遙遠，卻最純淨的人間淨土，這一望無際的白色世界年年吸引全球的旅人造訪，因此也被認定成為「人生必遊」的旅行目的地之一。 ');

-- --------------------------------------------------------

--
-- 資料表結構 `title`
--

CREATE TABLE `title` (
  `title_id` varchar(10) NOT NULL,
  `title_ch` varchar(50) DEFAULT NULL,
  `title_en` varchar(50) DEFAULT NULL
) ENGINE=InnoDB DEFAULT CHARSET=utf8mb4 COLLATE=utf8mb4_general_ci;

--
-- 傾印資料表的資料 `title`
--

INSERT INTO `title` (`title_id`, `title_ch`, `title_en`) VALUES
('AE', '客戶主管', 'Account Executive'),
('AM', '客戶經理', 'Account Manager'),
('BD', '業務拓展', 'Business Development'),
('CCO', '首席合規官', 'Chief Compliance Officer'),
('CEO', '首席執行官', 'Chief Executive Officer'),
('CFO', '首席財務官', 'Chief Financial Officer'),
('CIO', '首席信息官', 'Chief Information Officer'),
('CM', '社群經理', 'Community Manager'),
('CMO', '首席行銷官', 'Chief Marketing Officer'),
('COO', '首席運營官', 'Chief Operating Officer'),
('CS', '客戶服務', 'Customer Service'),
('CSO', '首席安全官', 'Chief Security Officer'),
('CTO', '首席技術官', 'Chief Technology Officer'),
('ED', '執行董事', 'Executive Director'),
('GM', '總經理', 'General Manager'),
('HRM', '人力資源經理', 'Human Resource Manager'),
('IT', '資訊技術', 'Information Technology'),
('MD', '總監', 'Managing Director'),
('PM', '專案經理', 'Project Manager'),
('QA', '品質保證', 'Quality Assurance'),
('RM', '關係經理', 'Relationship Manager'),
('SM', '銷售經理', 'Sales Manager'),
('VP', '副總裁', 'Vice President');

-- --------------------------------------------------------

--
-- 資料表結構 `transactions`
--

CREATE TABLE `transactions` (
  `transaction_id` varchar(255) NOT NULL
) ENGINE=InnoDB DEFAULT CHARSET=utf8mb4 COLLATE=utf8mb4_general_ci;

--
-- 傾印資料表的資料 `transactions`
--

INSERT INTO `transactions` (`transaction_id`) VALUES
('20240316000001'),
('20240316000002'),
('20240316000003'),
('20240316000004'),
('20240316000005'),
('20240316000006'),
('20240316000007'),
('20240316000008'),
('20240316000009'),
('20240316000010'),
('20240316000011'),
('20240316000012'),
('20240316000013'),
('20240316000014'),
('20240316000015'),
('20240316000016'),
('20240316000017'),
('20240316000018'),
('20240316000019'),
('20240316000020'),
('20240316000021'),
('20240316000022'),
('20240316000023'),
('20240316000024'),
('20240316000025'),
('20240316000026'),
('20240316000027'),
('20240316000028'),
('20240316000029'),
('20240316000030'),
('20240316000031'),
('20240316000032'),
('20240316000033'),
('20240316000034'),
('20240316000035'),
('20240316000036'),
('20240316000037'),
('20240316000038'),
('20240316000039'),
('20240316000040'),
('20240316000041'),
('20240316000042'),
('20240316000043'),
('20240316000044'),
('20240316000045'),
('20240316000046'),
('20240316000047'),
('20240316000048'),
('20240316000049'),
('20240316000050'),
('20240316000051'),
('20240317000001'),
('20240317000002'),
('20240317000003'),
('20240317000004'),
('20240317000005'),
('20240317000006'),
('20240317000007'),
('20240317000008'),
('20240317000009'),
('20240317000010'),
('20240317000011'),
('20240317000012'),
('20240317000013'),
('20240317000014'),
('20240317000015'),
('20240317000016'),
('20240317000017'),
('20240317000018'),
('20240317000019'),
('20240317000020'),
('20240317000021'),
('20240317000022'),
('20240317000023'),
('20240317000024'),
('20240317000025'),
('20240317000026'),
('20240317000027'),
('20240317000028'),
('20240317000029'),
('20240317000030'),
('20240317000031'),
('20240317000032'),
('20240317000033'),
('20240317000034'),
('20240317000035'),
('20240317000036'),
('20240317000037'),
('20240317000038'),
('20240317000039'),
('20240317000040'),
('20240317000041'),
('20240317000042'),
('20240317000043'),
('20240317000044'),
('20240317000045'),
('20240317000046'),
('20240317000047'),
('20240317000048'),
('20240317000049'),
('20240317000050'),
('20240317000051'),
('20240317000052'),
('20240317000053'),
('20240317000054'),
('20240317000055'),
('20240317000056'),
('20240317000057'),
('20240317000058'),
('20240317000059'),
('20240317000060'),
('20240317000061'),
('20240317000062'),
('20240317000063'),
('20240317000064'),
('20240317000065'),
('20240317000066'),
('20240317000067'),
('20240317000068'),
('20240317000069'),
('20240317000070'),
('20240317000071'),
('20240317000072'),
('20240317000073'),
('20240317000074'),
('20240317000075'),
('20240317000076'),
('20240317000077'),
('20240317000078'),
('20240317000079'),
('20240317000080'),
('20240317000081'),
('20240317000082'),
('20240317000083'),
('20240317000084'),
('20240317000085'),
('20240317000086'),
('20240317000087'),
('20240317000088'),
('20240317000089'),
('20240317000090'),
('20240317000091'),
('20240317000092'),
('20240317000093'),
('20240317000094'),
('20240317000095'),
('20240317000096'),
('20240317000097'),
('20240317000098'),
('20240317000099'),
('20240317000100'),
('20240317000101'),
('20240317000102'),
('20240317000103'),
('20240317000104'),
('20240317000105'),
('20240317000106'),
('20240317000107'),
('20240317000108'),
('20240317000109'),
('20240317000110'),
('20240317000111'),
('20240317000112'),
('20240317000113'),
('20240317000114'),
('20240317000115'),
('20240317000116'),
('20240317000117'),
('20240317000118'),
('20240317000119'),
('20240317000120'),
('20240317000121'),
('20240317000122'),
('20240317000123'),
('20240317000124'),
('20240317000125'),
('20240317000126'),
('20240317000127'),
('20240317000128'),
('20240317000129'),
('20240317000130'),
('20240317000131'),
('20240317000132'),
('20240317000133'),
('20240317000134'),
('20240317000135'),
('20240317000136'),
('20240317000137'),
('20240318000001'),
('20240318000002'),
('20240318000003'),
('20240318000004'),
('20240318000005'),
('20240318000006'),
('20240318000007'),
('20240318000008'),
('20240318000009'),
('20240318000010'),
('20240318000011'),
('20240318000012'),
('20240318000013'),
('20240318000014'),
('20240318000015'),
('20240318000016'),
('20240318000017'),
('20240318000018'),
('20240318000019'),
('20240318000020'),
('20240318000021'),
('20240318000022'),
('20240318000023'),
('20240318000024'),
('20240318000025'),
('20240318000026'),
('20240318000027'),
('20240318000028'),
('20240318000029'),
('20240318000030'),
('20240318000031'),
('20240318000032'),
('20240318000033'),
('20240318000034'),
('20240318000035'),
('20240318000036'),
('20240318000037'),
('20240318000038'),
('20240318000039'),
('20240318000040'),
('20240318000041'),
('20240318000042'),
('20240318000043'),
('20240318000044'),
('20240318000045'),
('20240318000046'),
('20240318000047'),
('20240318000048'),
('20240318000049'),
('20240318000050'),
('20240318000051'),
('20240318000052'),
('20240318000053'),
('20240318000054'),
('20240318000055'),
('20240318000056'),
('20240318000057'),
('20240318000058'),
('20240318000059'),
('20240318000060'),
('20240318000061'),
('20240318000062'),
('20240318000063'),
('20240318000064'),
('20240318000065'),
('20240318000066'),
('20240318000067'),
('20240318000068'),
('20240318000069'),
('20240318000070'),
('20240319000001'),
('20240319000002'),
('20240319000003'),
('20240319000004'),
('20240319000005'),
('20240319000006'),
('20240319000007'),
('20240319000008'),
('20240319000009'),
('20240319000010'),
('20240319000011'),
('20240319000012'),
('20240319000013'),
('20240319000014'),
('20240319000015'),
('20240319000020'),
('20240319000021'),
('20240319000022'),
('20240319000023'),
('20240319000024'),
('20240319000025'),
('20240319000026'),
('20240319000027'),
('20240319000028'),
('20240319000029'),
('20240319000030'),
('20240319000031'),
('20240319000032'),
('20240319000033'),
('20240319000034'),
('20240319000035'),
('20240319000036'),
('20240319000037'),
('20240320000001'),
('20240320000002'),
('20240320000003'),
('20240320000004'),
('20240320000005'),
('20240320000006'),
('20240320000007'),
('20240320000008'),
('20240320000009'),
('20240320000010'),
('20240320000011'),
('20240320000012'),
('20240320000013'),
('20240320000014'),
('20240320000015'),
('20240321000001'),
('20240321000002'),
('20240324000001'),
('20240503000001'),
('20240503000002'),
('20240503000003'),
('20240503000004');

-- --------------------------------------------------------

--
-- 資料表結構 `travel_`
--

CREATE TABLE `travel_` (
  `travel_id` int(11) NOT NULL,
  `logo` text NOT NULL COMMENT '圖片',
  `title` varchar(100) NOT NULL COMMENT '行程標題',
  `introduce` varchar(100) NOT NULL COMMENT '行程簡介',
  `days` int(11) NOT NULL COMMENT '天數',
  `price` int(11) NOT NULL COMMENT '售價',
  `time` date NOT NULL COMMENT '出發日期',
  `airport` varchar(10) NOT NULL COMMENT '出發地',
  `seat` int(11) NOT NULL COMMENT '機位數量',
  `number` int(11) NOT NULL COMMENT '已報名人數',
  `sale` int(11) NOT NULL COMMENT '可售機位',
  `sign_up` varchar(10) NOT NULL COMMENT '出團狀態',
  `created_at` timestamp NOT NULL DEFAULT current_timestamp() COMMENT '行程建立時間'
) ENGINE=InnoDB DEFAULT CHARSET=utf8mb4 COLLATE=utf8mb4_general_ci;

--
-- 傾印資料表的資料 `travel_`
--

INSERT INTO `travel_` (`travel_id`, `logo`, `title`, `introduce`, `days`, `price`, `time`, `airport`, `seat`, `number`, `sale`, `sign_up`, `created_at`) VALUES
(1, '秘魯・印加帝國13日.jpg', '秘魯・印加帝國13日', '世界七大奇景馬丘比丘・印加都城庫斯科・魔幻打卡聖地彩虹山', 13, 272000, '2024-04-02', '桃園國際機場', 31, 31, 0, '額滿', '2024-03-18 08:24:23'),
(2, '秘魯・太陽祭14日.jpg', '秘魯・太陽祭14日', '2023年金旅獎！世界七大奇景馬丘比丘・印加都城庫斯科・傳統盛典太陽祭・魔幻打卡聖地彩虹山', 14, 299000, '2024-06-18', '桃園國際機場', 31, 26, 5, '報名中', '2024-03-18 08:24:23'),
(3, '秘魯・印加帝國15日.jpg', '秘魯・印加帝國15日', '星宇豪華經濟艙・世界七大奇景馬丘比丘・印加都城庫斯科・魔幻打卡聖地彩虹山', 15, 282000, '2024-11-15', '桃園國際機場', 31, 4, 27, '報名中', '2024-03-18 08:24:23'),
(4, '秘魯&智利・古文明探索13日.jpg', '秘魯&智利・古文明探索13日', '世界七大奇景馬丘比丘・印加都城庫斯科・神秘納斯卡線・與世隔絕復活節島', 13, 299000, '2024-03-30', '桃園國際機場', 21, 15, 6, '截止', '2024-03-18 08:24:23'),
(5, '秘魯&玻利維亞・秘境漫步14日.jpg', '秘魯&玻利維亞・秘境漫步14日', '季節限定！世界七大奇景馬丘比丘・魔幻打卡聖地彩虹山・天空之鏡烏尤尼・世界最高首都拉巴斯', 14, 309000, '2024-09-07', '桃園國際機場', 31, 12, 19, '報名中', '2024-03-18 08:24:23'),
(6, '阿根廷・14日.jpg', '阿根廷・14日', '世界遺產萬年冰川健行、世界最寬伊瓜蘇瀑布、世界盡頭火地島、南美巴黎布宜諾斯艾利斯', 14, 295000, '2024-09-12', '桃園國際機場', 31, 6, 25, '報名中', '2024-03-18 08:24:23'),
(7, '古巴・迷情之境12日.jpg', '古巴・迷情之境12日', '世界遺產哈瓦那老城．古董車．雪茄．蘭姆酒．海明威朝聖路線．切格瓦拉革命國度', 12, 225000, '2024-05-16', '桃園國際機場', 35, 35, 0, '額滿', '2024-03-18 08:24:23'),
(8, '古巴&墨西哥・亡靈節12日.jpg', '古巴&墨西哥・亡靈節12日', '華麗繽紛骷髏嘉年華！哈瓦那、古董車體驗、親捲雪茄、馬雅金字塔、馬雅金字塔、加勒比海豪華五星飯店', 12, 250000, '2024-10-12', '桃園國際機場', 20, 11, 9, '截止', '2024-03-18 08:24:23'),
(9, '奧地利&捷克・12日.jpg', '奧地利&捷克・12日', '慕夏走讀、季節音樂饗宴、夏夫堡火車、哈施達特、瓦豪河谷佳釀美饌、茜茜公主博物館', 12, 182900, '2024-12-17', '桃園國際機場', 26, 4, 22, '報名中', '2024-03-18 08:24:23'),
(10, '智利・15日.jpg', '智利・15日', '與世隔絕復活節島．藍湖仙境百內國家公園．世界最乾旱阿塔卡馬沙漠．智利酒莊道地佳釀', 15, 349000, '2025-03-08', '桃園國際機場', 36, 25, 11, '報名中', '2024-03-18 08:24:23'),
(11, '西班牙・13日.jpg', '西班牙・13日', '設計酒莊古堡美食宴饗', 13, 219900, '2024-05-18', '桃園國際機場', 26, 10, 16, '報名中', '2024-03-18 08:24:23'),
(12, '葡萄牙・12日.jpg', '葡萄牙・12日', '漫遊酒香葡萄牙、艷彩佩納古蹟饗宴', 12, 198900, '2024-04-24', '桃園國際機場', 27, 18, 9, '報名中', '2024-03-18 08:24:23'),
(13, '法國・深度全覽14日.jpg', '法國・深度全覽14日', '漫步走入南法生活美學、夜宿古堡朝暮晨昏', 14, 248900, '2024-09-18', '桃園國際機場', 27, 1, 26, '報名中', '2024-03-18 08:24:23'),
(14, '奧地利&捷克・12日.jpg', '奧地利&捷克・12日', '慕夏走讀、季節音樂饗宴、夏夫堡火車、哈施達特、瓦豪河谷佳釀美饌、茜茜公主博物館', 12, 185900, '2024-06-04', '桃園國際機場', 26, 3, 23, '報名中', '2024-03-18 08:24:23'),
(15, '日本登山鐵道之旅・7日.jpg', '探索日本登山鐵道・7日', '日本登山鐵道主題之旅', 7, 79900, '2024-05-19', '桃園國際機場', 27, 21, 6, '報名中', '2024-03-18 08:24:23'),
(16, '名古屋春櫻花見行５日.jpg', '名古屋春櫻花見行５日', '日本國寶犬山城.螃蟹燒肉餐.童話合掌村.粉紅隧道遊船.金澤兼六園.金華山纜車', 5, 42900, '2024-03-30', '桃園國際機場', 28, 28, 0, '額滿', '2024-03-18 08:24:23'),
(17, '花現櫻飛舞名古屋．京都６日.jpg', '花現櫻飛舞名古屋．京都６日', '粉紅隧道～哲學之道、花見醍醐寺、紅色鳥居、平等院鳳凰堂、宇治抹茶香、泡湯趣', 6, 36900, '2024-04-05', '桃園國際機場', 28, 19, 9, '報名中', '2024-03-18 08:24:23'),
(18, '關東悠遊全覽三溫泉螃蟹吃到飽５日.jpg', '關東悠遊全覽三溫泉螃蟹吃到飽５日', '澀谷露天展望台、採果體驗、輕井澤、伊豆箱根、鎌倉、權八日式居酒屋（加贈酒水暢飲）', 5, 56900, '2024-05-08', '桃園國際機場', 28, 16, 12, '報名中', '2024-03-18 08:24:23'),
(19, '星宇．名東雙城溫泉６日.jpg', '星宇．名東雙城溫泉６日', '歡樂迪士尼、掛川花鳥園、濱名湖花博、蘆之湖遊船、修善寺、日本平纜車', 6, 50900, '2024-04-05', '桃園國際機場', 25, 25, 0, '額滿', '2024-03-18 08:24:23'),
(20, '名東雙城立山黑部閃亮雪壁7日.jpg', '名東雙城立山黑部閃亮雪壁7日', '足利紫藤花、童話合掌村、日光東照宮、輕井澤OUTLET、國寶松本城、鬼怒川溫泉', 7, 59900, '2024-04-22', '桃園國際機場', 25, 23, 2, '報名中', '2024-03-18 08:24:23'),
(21, '琉球海炎祭-沖繩限定4日.jpg', '琉球海炎祭-沖繩限定4日', '夏季盛大音樂花火(自由席)、美麗海水族館、玉泉洞、單軌電車一日券、升等一晚海邊飯店', 4, 28900, '2024-04-12', '桃園國際機場', 16, 16, 0, '額滿', '2024-03-18 08:24:23'),
(22, '九州鯉躍春遊５日.jpg', '九州鯉躍春遊５日', '雙鐵道、雙遊船、日田小京都、春季限定鯉魚旗祭典、熊本熊甜點杯、米塚、草千里', 5, 32900, '2024-04-07', '桃園國際機場', 28, 28, 0, '額滿', '2024-03-18 08:24:23'),
(23, '名古屋立山黑部漫步大雪谷．濱名花博５天.jpg', '名古屋立山黑部漫步大雪谷．濱名花博５天', '神的故鄉~上高地．童話合掌村．馬籠宿．雙溫泉～升等一晚五星飯店', 5, 50900, '2024-06-09', '桃園國際機場', 27, 25, 2, '報名中', '2024-03-18 08:24:23'),
(24, '閃耀九州X浪漫銀光５日.jpg', '閃耀九州X浪漫銀光５日', '銀光閃耀之街、九州野生公園叢林巴士、由布院金鱗湖、世界童話村、三隈川屋形船晚宴、太宰府天滿宮', 5, 40900, '2024-05-09', '桃園國際機場', 27, 18, 9, '報名中', '2024-03-18 08:24:23'),
(25, '熊本X火山熊雙溫泉５日.jpg', '熊本X火山熊雙溫泉５日', '阿蘇破火山口、由布院金麟湖、別府海地獄、太宰府天滿宮、柳川遊船、熊本熊電鐵、地獄蒸DIY', 5, 38900, '2024-05-17', '桃園國際機場', 28, 10, 18, '報名中', '2024-03-18 08:24:23'),
(26, '秘魯・印加帝國13日.jpg', '秘魯・印加帝國13日', '世界七大奇景馬丘比丘・印加都城庫斯科・魔幻打卡聖地彩虹山', 13, 259000, '2025-02-17', '桃園國際機場', 31, 0, 31, '報名中', '2024-03-18 08:24:23'),
(27, '秘魯・印加帝國13日.jpg', '秘魯・印加帝國13日', '世界七大奇景馬丘比丘・印加都城庫斯科・魔幻打卡聖地彩虹山', 13, 269000, '2024-07-09', '桃園國際機場', 31, 11, 20, '報名中', '2024-03-18 08:24:23'),
(28, '秘魯・太陽祭14日.jpg', '秘魯・太陽祭14日', '2023年金旅獎！世界七大奇景馬丘比丘・印加都城庫斯科・傳統盛典太陽祭・魔幻打卡聖地彩虹山', 14, 299000, '2024-06-19', '桃園國際機場', 36, 36, 0, '額滿', '2024-03-18 08:24:23'),
(29, '阿根廷・14日.jpg', '阿根廷・14日', '世界遺產萬年冰川健行、世界最寬伊瓜蘇瀑布、世界盡頭火地島、南美巴黎布宜諾斯艾利斯', 14, 295000, '2024-07-12', '桃園國際機場', 31, 24, 7, '報名中', '2024-03-18 08:24:23'),
(30, '古巴・迷情之境12日.jpg', '古巴・迷情之境12日', '世界遺產哈瓦那老城．古董車．雪茄．蘭姆酒．海明威朝聖路線．切格瓦拉革命國度', 12, 229000, '2024-09-12', '桃園國際機場', 31, 10, 21, '報名中', '2024-03-18 08:24:23'),
(31, '古巴・迷情之境12日.jpg', '古巴・迷情之境12日', '世界遺產哈瓦那老城．古董車．雪茄．蘭姆酒．海明威朝聖路線．切格瓦拉革命國度', 12, 229000, '2025-01-22', '桃園國際機場', 31, 0, 31, '報名中', '2024-03-18 08:24:23'),
(32, '西班牙・13日.jpg', '西班牙・13日', '設計酒莊古堡美食宴饗', 13, 229900, '2024-07-18', '桃園國際機場', 26, 5, 21, '報名中', '2024-03-18 08:24:23'),
(33, '西班牙・13日.jpg', '西班牙・13日', '設計酒莊古堡美食宴饗', 13, 219900, '2024-09-12', '桃園國際機場', 26, 0, 26, '報名中', '2024-03-18 08:24:36'),
(34, '奧地利&捷克・12日.jpg', '奧地利&捷克・12日', '慕夏走讀、季節音樂饗宴、夏夫堡火車、哈施達特、瓦豪河谷佳釀美饌、茜茜公主博物館', 12, 189900, '2024-09-14', '桃園國際機場', 19, 19, 0, '額滿', '2024-03-18 08:24:36'),
(35, '法國・深度全覽14日.jpg', '法國・深度全覽14日', '漫步走入南法生活美學、夜宿古堡朝暮晨昏', 14, 248900, '2024-10-22', '桃園國際機場', 27, 0, 27, '報名中', '2024-03-18 08:24:36'),
(36, '日本登山鐵道之旅・7日.jpg', '探索日本登山鐵道・7日', '日本登山鐵道主題之旅', 7, 79900, '2024-05-09', '桃園國際機場', 27, 25, 2, '報名中', '2024-03-18 08:24:36'),
(37, '名古屋春櫻花見行５日.jpg', '名古屋春櫻花見行５日', '日本國寶犬山城.螃蟹燒肉餐.童話合掌村.粉紅隧道遊船.金澤兼六園.金華山纜車', 5, 42900, '2024-04-20', '桃園國際機場', 29, 29, 0, '額滿', '2024-03-18 08:24:36'),
(38, '花現櫻飛舞名古屋．京都６日.jpg', '花現櫻飛舞名古屋．京都６日', '粉紅隧道～哲學之道、花見醍醐寺、紅色鳥居、平等院鳳凰堂、宇治抹茶香、泡湯趣', 6, 36900, '2024-05-05', '桃園國際機場', 28, 22, 6, '報名中', '2024-03-18 08:24:36'),
(39, '關東悠遊全覽三溫泉螃蟹吃到飽５日.jpg', '關東悠遊全覽三溫泉螃蟹吃到飽５日', '澀谷露天展望台、採果體驗、輕井澤、伊豆箱根、鎌倉、權八日式居酒屋（加贈酒水暢飲）', 5, 56900, '2024-06-08', '桃園國際機場', 28, 11, 17, '報名中', '2024-03-18 08:24:36'),
(40, '星宇．名東雙城溫泉６日.jpg', '星宇．名東雙城溫泉６日', '歡樂迪士尼、掛川花鳥園、濱名湖花博、蘆之湖遊船、修善寺、日本平纜車', 6, 50900, '2024-04-25', '桃園國際機場', 25, 24, 1, '報名中', '2024-03-18 08:24:36'),
(41, '名東雙城立山黑部閃亮雪壁7日.jpg', '名東雙城立山黑部閃亮雪壁7日', '足利紫藤花、童話合掌村、日光東照宮、輕井澤OUTLET、國寶松本城、鬼怒川溫泉', 7, 59900, '2024-04-21', '桃園國際機場', 25, 25, 0, '額滿', '2024-03-18 08:24:36'),
(42, '琉球海炎祭-沖繩限定4日.jpg', '琉球海炎祭-沖繩限定4日', '夏季盛大音樂花火(自由席)、美麗海水族館、玉泉洞、單軌電車一日券、升等一晚海邊飯店', 4, 28900, '2024-04-19', '桃園國際機場', 18, 18, 0, '額滿', '2024-03-18 08:24:36'),
(43, '九州鯉躍春遊５日.jpg', '九州鯉躍春遊５日', '雙鐵道、雙遊船、日田小京都、春季限定鯉魚旗祭典、熊本熊甜點杯、米塚、草千里', 5, 32900, '2024-04-13', '桃園國際機場', 28, 27, 1, '報名中', '2024-03-18 08:24:36'),
(44, '名古屋立山黑部漫步大雪谷．濱名花博５天.jpg', '名古屋立山黑部漫步大雪谷．濱名花博５天', '神的故鄉~上高地．童話合掌村．馬籠宿．雙溫泉～升等一晚五星飯店', 5, 50900, '2024-06-10', '桃園國際機場', 27, 24, 3, '報名中', '2024-03-18 08:24:36'),
(45, '閃耀九州X浪漫銀光５日.jpg', '閃耀九州X浪漫銀光５日', '銀光閃耀之街、九州野生公園叢林巴士、由布院金鱗湖、世界童話村、三隈川屋形船晚宴、太宰府天滿宮', 5, 40900, '2024-05-13', '桃園國際機場', 27, 23, 4, '報名中', '2024-03-18 08:24:36'),
(46, '熊本X火山熊雙溫泉５日.jpg', '熊本X火山熊雙溫泉５日', '阿蘇破火山口、由布院金麟湖、別府海地獄、太宰府天滿宮、柳川遊船、熊本熊電鐵、地獄蒸DIY', 5, 38900, '2024-05-24', '桃園國際機場', 28, 21, 7, '報名中', '2024-03-18 08:24:36'),
(47, '智利・15日.jpg', '智利・15日', '與世隔絕復活節島．藍湖仙境百內國家公園．世界最乾旱阿塔卡馬沙漠．智利酒莊道地佳釀', 15, 349000, '2024-09-08', '桃園國際機場', 36, 33, 3, '報名中', '2024-03-18 08:24:36'),
(48, '秘魯&智利・古文明探索13日.jpg', '秘魯&智利・古文明探索13日', '世界七大奇景馬丘比丘・印加都城庫斯科・神秘納斯卡線・與世隔絕復活節島', 13, 299000, '2024-06-01', '桃園國際機場', 21, 10, 11, '報名中', '2024-03-18 08:24:36'),
(49, '葡萄牙・12日.jpg', '葡萄牙・12日', '漫遊酒香葡萄牙、艷彩佩納古蹟饗宴', 12, 198900, '2024-06-24', '桃園國際機場', 27, 10, 17, '報名中', '2024-03-18 08:24:36'),
(50, '秘魯&玻利維亞・秘境漫步14日.jpg', '秘魯&玻利維亞・秘境漫步14日', '天空之鏡烏尤尼．與世隔絕復活節島．世界最乾旱阿塔卡馬沙漠．世界最高首都拉巴斯', 14, 325000, '2024-11-11', '桃園國際機場', 31, 2, 29, '報名中', '2024-03-18 08:24:36');

-- --------------------------------------------------------

--
-- 資料表結構 `user`
--

CREATE TABLE `user` (
  `id` int(11) NOT NULL,
  `name` varchar(255) NOT NULL,
  `username` varchar(255) DEFAULT NULL,
  `password` varchar(255) DEFAULT NULL,
  `email` varchar(255) DEFAULT NULL,
  `avatar` varchar(255) DEFAULT NULL,
  `birth_date` date DEFAULT NULL,
  `sex` varchar(255) DEFAULT NULL,
  `phone` varchar(255) DEFAULT NULL,
  `postcode` varchar(255) DEFAULT NULL,
  `address` varchar(255) DEFAULT NULL,
  `google_uid` varchar(255) DEFAULT NULL,
  `line_uid` varchar(255) DEFAULT NULL,
  `photo_url` varchar(255) DEFAULT NULL,
  `line_access_token` text DEFAULT NULL,
  `created_at` datetime NOT NULL,
  `updated_at` datetime NOT NULL
) ENGINE=InnoDB DEFAULT CHARSET=utf8 COLLATE=utf8_general_ci;

--
-- 已傾印資料表的索引
--

--
-- 資料表索引 `cart`
--
ALTER TABLE `cart`
  ADD PRIMARY KEY (`cart_id`);

--
-- 資料表索引 `department`
--
ALTER TABLE `department`
  ADD PRIMARY KEY (`department_id`);

--
-- 資料表索引 `employees`
--
ALTER TABLE `employees`
  ADD PRIMARY KEY (`employee_id`),
  ADD KEY `employee_role_id` (`role_id`),
  ADD KEY `fk_department_id` (`department_id`),
  ADD KEY `fk_title_id` (`title_id`);

--
-- 資料表索引 `employees_info`
--
ALTER TABLE `employees_info`
  ADD PRIMARY KEY (`employee_info_id`),
  ADD KEY `fk_employee_id` (`employee_id`);

--
-- 資料表索引 `itinerary`
--
ALTER TABLE `itinerary`
  ADD PRIMARY KEY (`travel_id`);

--
-- 資料表索引 `lectures`
--
ALTER TABLE `lectures`
  ADD PRIMARY KEY (`lecture_id`);

--
-- 資料表索引 `members`
--
ALTER TABLE `members`
  ADD PRIMARY KEY (`member_id`);

--
-- 資料表索引 `members_info`
--
ALTER TABLE `members_info`
  ADD PRIMARY KEY (`sid`),
  ADD KEY `member_id` (`member_id`);

--
-- 資料表索引 `order`
--
ALTER TABLE `order`
  ADD PRIMARY KEY (`order_id`),
  ADD KEY `member_id` (`member_id`);

--
-- 資料表索引 `order_detail`
--
ALTER TABLE `order_detail`
  ADD PRIMARY KEY (`detail_id`),
  ADD KEY `member_id` (`member_id`);

--
-- 資料表索引 `order_group`
--
ALTER TABLE `order_group`
  ADD PRIMARY KEY (`order_group_id`),
  ADD KEY `member_id` (`member_id`);

--
-- 資料表索引 `order_status`
--
ALTER TABLE `order_status`
  ADD PRIMARY KEY (`status_id`);

--
-- 資料表索引 `permission`
--
ALTER TABLE `permission`
  ADD PRIMARY KEY (`permission_id`),
  ADD KEY `role_id` (`role_id`);

--
-- 資料表索引 `product`
--
ALTER TABLE `product`
  ADD PRIMARY KEY (`id`);

--
-- 資料表索引 `products`
--
ALTER TABLE `products`
  ADD PRIMARY KEY (`id`);

--
-- 資料表索引 `role_set`
--
ALTER TABLE `role_set`
  ADD PRIMARY KEY (`role_id`);

--
-- 資料表索引 `speech_list`
--
ALTER TABLE `speech_list`
  ADD PRIMARY KEY (`sid`);

--
-- 資料表索引 `title`
--
ALTER TABLE `title`
  ADD PRIMARY KEY (`title_id`);

--
-- 資料表索引 `transactions`
--
ALTER TABLE `transactions`
  ADD PRIMARY KEY (`transaction_id`);

--
-- 資料表索引 `travel_`
--
ALTER TABLE `travel_`
  ADD PRIMARY KEY (`travel_id`);

--
-- 資料表索引 `user`
--
ALTER TABLE `user`
  ADD PRIMARY KEY (`id`);

--
-- 在傾印的資料表使用自動遞增(AUTO_INCREMENT)
--

--
-- 使用資料表自動遞增(AUTO_INCREMENT) `cart`
--
ALTER TABLE `cart`
  MODIFY `cart_id` int(11) NOT NULL AUTO_INCREMENT;

--
-- 使用資料表自動遞增(AUTO_INCREMENT) `employees_info`
--
ALTER TABLE `employees_info`
  MODIFY `employee_info_id` int(11) NOT NULL AUTO_INCREMENT, AUTO_INCREMENT=7;

--
-- 使用資料表自動遞增(AUTO_INCREMENT) `itinerary`
--
ALTER TABLE `itinerary`
  MODIFY `travel_id` int(11) NOT NULL AUTO_INCREMENT, AUTO_INCREMENT=54;

--
-- 使用資料表自動遞增(AUTO_INCREMENT) `lectures`
--
ALTER TABLE `lectures`
  MODIFY `lecture_id` int(11) NOT NULL AUTO_INCREMENT, AUTO_INCREMENT=16;

--
-- 使用資料表自動遞增(AUTO_INCREMENT) `members_info`
--
ALTER TABLE `members_info`
  MODIFY `sid` int(11) NOT NULL AUTO_INCREMENT, AUTO_INCREMENT=101;

--
-- 使用資料表自動遞增(AUTO_INCREMENT) `order`
--
ALTER TABLE `order`
  MODIFY `order_id` int(11) NOT NULL AUTO_INCREMENT;

--
-- 使用資料表自動遞增(AUTO_INCREMENT) `order_detail`
--
ALTER TABLE `order_detail`
  MODIFY `detail_id` int(11) NOT NULL AUTO_INCREMENT;

--
-- 使用資料表自動遞增(AUTO_INCREMENT) `order_group`
--
ALTER TABLE `order_group`
  MODIFY `order_group_id` int(11) NOT NULL AUTO_INCREMENT;

--
-- 使用資料表自動遞增(AUTO_INCREMENT) `order_status`
--
ALTER TABLE `order_status`
  MODIFY `status_id` int(11) NOT NULL AUTO_INCREMENT;

--
-- 使用資料表自動遞增(AUTO_INCREMENT) `permission`
--
ALTER TABLE `permission`
  MODIFY `permission_id` int(11) NOT NULL AUTO_INCREMENT, AUTO_INCREMENT=6;

--
-- 使用資料表自動遞增(AUTO_INCREMENT) `product`
--
ALTER TABLE `product`
  MODIFY `id` int(100) NOT NULL AUTO_INCREMENT, AUTO_INCREMENT=26;

--
-- 使用資料表自動遞增(AUTO_INCREMENT) `products`
--
ALTER TABLE `products`
  MODIFY `id` int(100) NOT NULL AUTO_INCREMENT, AUTO_INCREMENT=56;

--
-- 使用資料表自動遞增(AUTO_INCREMENT) `speech_list`
--
ALTER TABLE `speech_list`
  MODIFY `sid` int(10) NOT NULL AUTO_INCREMENT COMMENT '起頭序號', AUTO_INCREMENT=19;

--
-- 使用資料表自動遞增(AUTO_INCREMENT) `travel_`
--
ALTER TABLE `travel_`
  MODIFY `travel_id` int(11) NOT NULL AUTO_INCREMENT, AUTO_INCREMENT=55;

--
-- 使用資料表自動遞增(AUTO_INCREMENT) `user`
--
ALTER TABLE `user`
  MODIFY `id` int(11) NOT NULL AUTO_INCREMENT;

--
-- 已傾印資料表的限制式
--

--
-- 資料表的限制式 `employees`
--
ALTER TABLE `employees`
  ADD CONSTRAINT `fk_department_id` FOREIGN KEY (`department_id`) REFERENCES `department` (`department_id`),
  ADD CONSTRAINT `fk_role_id` FOREIGN KEY (`role_id`) REFERENCES `role_set` (`role_id`),
  ADD CONSTRAINT `fk_title_id` FOREIGN KEY (`title_id`) REFERENCES `title` (`title_id`);

--
-- 資料表的限制式 `employees_info`
--
ALTER TABLE `employees_info`
  ADD CONSTRAINT `fk_employee_id` FOREIGN KEY (`employee_id`) REFERENCES `employees` (`employee_id`);

--
-- 資料表的限制式 `members_info`
--
ALTER TABLE `members_info`
  ADD CONSTRAINT `members_info_ibfk_1` FOREIGN KEY (`member_id`) REFERENCES `members` (`member_id`) ON DELETE CASCADE;

--
-- 資料表的限制式 `order`
--
ALTER TABLE `order`
  ADD CONSTRAINT `order_ibfk_1` FOREIGN KEY (`member_id`) REFERENCES `members` (`member_id`);

--
-- 資料表的限制式 `order_detail`
--
ALTER TABLE `order_detail`
  ADD CONSTRAINT `order_detail_ibfk_1` FOREIGN KEY (`member_id`) REFERENCES `members` (`member_id`);

--
-- 資料表的限制式 `order_group`
--
ALTER TABLE `order_group`
  ADD CONSTRAINT `order_group_ibfk_1` FOREIGN KEY (`member_id`) REFERENCES `members` (`member_id`) ON DELETE CASCADE;

--
-- 資料表的限制式 `permission`
--
ALTER TABLE `permission`
  ADD CONSTRAINT `permission_ibfk_1` FOREIGN KEY (`role_id`) REFERENCES `role_set` (`role_id`);
COMMIT;

/*!40101 SET CHARACTER_SET_CLIENT=@OLD_CHARACTER_SET_CLIENT */;
/*!40101 SET CHARACTER_SET_RESULTS=@OLD_CHARACTER_SET_RESULTS */;
/*!40101 SET COLLATION_CONNECTION=@OLD_COLLATION_CONNECTION */;
